bienes abandonados,"Bienes que dejó un inquilino a propósito, y aparentemente su dueño anterior (o inquilino) no tiene intención de volver para llevárselos."
divorcio absolute,La terminación definitiva de un matrimonio. Ambas partes tienen el derecho legal de volver a casarse.
maltrato (de un menor),"Maltrato (de un menor): Causar daño físico, sexual o mental a un menor de edad, ya sea intencionalmente o por descuido."
cláusula de vencimiento anticipado,Una disposición (condición) de un contrato o pagaré que exige el pago completo de lo adeudado si ocurre cierto acontecimiento (como no pagar las cuotas puntualmente).
padre reconocido,"El padre biológico de un menor que no está casado con la madre pero ha firmado una declaración voluntaria de paternidad o un acuerdo con la madre, o ha dicho que él es el padre. Un padre reconocido tiene derechos de paternidad y el deber de mantener a su hijo."
acción legal,"En el tribunal, cuando una persona demanda a otra para (a) defender o hacer cumplir un derecho; (b) impedir que ocurra algo malo o arreglar algo; o (c) castigarlo por haber cometido un delito."
estado active,Un caso judicial está en estado activo cuando todavía no se llegó a un “acuerdo” ni se “decidió”.
ad litem,"“Para este caso judicial"". Viene del latín. Un tutor ad litem es una persona que ayuda a otra persona durante un caso."
dictamen,La decisión del juez en un caso o una acción.
administrador,"la persona (en general el cónyuge, compañero doméstico o pariente cercano) que el tribunal nombra para administrar el patrimonio de una persona que fallece sin dejar un testamento. El administrador también se llama el representante personal del patrimonio."
admissible,Un término que se usa para describir las pruebas que pueden tener en cuenta un jurado o un juez en casos civiles o penales.
permiso de reingreso,Una persona que se encuentra en EE. UU. sin una visa y a quien se permite dejar el país en forma temporal sin que se cancele su solicitud mientras esté afuera del país. 
declaración jurada de paternidad,Una declaración escrita firmada bajo juramento por la madre y el padre de un niño nacido fuera del matrimonio y que establece quién es el padre. 
declaración jurada de publicación,"Una declaración escrita hecha por alguien que jura que es cierta ante una persona autorizada legalmente, como un juez o un notario público."
declaración jurada,"Una declaración escrita en la que alguien jura ante una persona legalmente autorizada, como un juez o un notario público."
defensa afirmativa ,Cuando un acusado o persona que responde a un caso civil tiene una razón para ser declarado inocente o “no culpable” y le ofrece al tribunal nuevas pruebas para demostrarlo. La defensa tiene que probar lo que dice (llamado “carga de la prueba”). La defensa tiene que explicar esta defensa en la respuesta.
acuerdo,"Un entendimiento entre dos o más personas sobre un asunto en particular, que en general reseña los deberes, derechos y beneficios de cada persona. "
pensión alimenticia; manutención del cónyuge,Dinero que el tribunal le ordena pagar a un cónyuge o ex cónyuge.
manutención del cónyuge,Dinero que el tribunal ordena a un cónyuge pagar a su excónyuge.
alegato,Una declaración o reclamo que se hace pero que todavía no se ha probado si es verdadero o falso.
alegar,"Decir, declarar o acusar diciendo que algo es verdad aunque no se haya comprobado aún."
padre alegado, Un hombre que puede ser el padre biológico de un menor en una acción legal para revocar la paternidad.
métodos alternativos para resolver conflictos (ADR),Métodos para resolver conflictos sin actuaciones oficiales del tribunal. Entre estos métodos se cuentan la mediación y el arbitraje.
enmendar,Agregar o cambiar un reclamo que se ha presentado en el tribunal.
amnistía,"Perdón dado a un grupo de individuos por el gobierno, en general antes de un juicio. "
anulación,"Una acción legal que dice que su matrimonio nunca fue válido legalmente debido a un defecto mental, incesto, bigamia, ser demasiado joven para dar consentimiento, fraude, coerción o incapacidad física."
anónimo,Cuando se mantiene en secreto el nombre de alguien.
respuesta,Una declaración que escribe un demandado para responder a una demanda civil y que explica qué defensa usará.
apelar,"Disputar una decisión tomada por una escuela, agencia o tribunal. "
apelante,La persona que pierde al menos una parte de un caso que le pide a un tribunal de mayor instancia (llamado “tribunal de apelación”) que revise la decisión y que diga si fue correcta. Esto se llama “apelar”. La persona que apela se llama el “apelante”. La otra persona se llama el “apelado”.
comparecencia,Ir al tribunal. O un documento legal que dice que participará en el proceso judicial. 
argumento,Una presentación que resume los hechos y lo que dice la ley con respecto a un asunto.
lectura de cargos,"Cuando (a) se lleva a una persona a quien se acusa de haber cometido un delito al tribunal; (b) se le informa sobre los cargos; y (c) se le pide que se declare ""culpable"" o ""no culpable""."
atrasos o mora,Monto de manutención de los hijos que está atrasado o sin pagar. Un padre que está atrasado en sus pagos “está en mora”.
arresto,La captura legal de una persona acusada de cometer un delito.
activos,"Propiedad de cualquier tipo, como efectivo, cuentas financieras, bienes inmuebles y bienes personales."
asignación de derechos de manutención,Cuando una persona que recibe asistencia pública (dinero del gobierno) acepta darle al estado cualquier pago por manutención de los hijos que reciba en el futuro. La persona recibe dinero y otros beneficios del estado. Así que el estado pueda usar parte de la manutención de los hijos para pagar el costo de esa asistencia pública.
orden de asignación,"Una orden judicial (después de una petición) que dice que un deudor del fallo tiene que asignar ciertos derechos al acreedor del fallo. Útil para pagos que el deudor del fallo recibiría normalmente, como un alquiler pagado por inquilinos, dinero del gobierno federal, comisiones de ventas, pagos de regalías, cuentas a cobrar de una empresa, o cuotas para el pago de deudas a su favor (también llamados “pagarés”) o fallos."
designación,Elegir a alguien para que haga algo.
suicidio asistido,"Cuando alguien ayuda a otra persona que tiene una enfermedad o discapacidad terminal a cometer suicidio. En la mayoría de los estados de EE. UU., el suicidio asistido está prohibido por ley."
asilado,Un extranjero que llega a EE. UU. y pide protección porque sería peligroso que volviera a su país de origen. 
asilo,Estado legal asignado a veces a un extranjero que llega a EE. UU. y pide protección porque sería peligroso que volviera a su país de origen. 
adjunto,Documento que acompaña a papeles judiciales para dar más información.
intento,"Iniciar, pero no completar, un delito, como intento de asesinato, robo o incendio intencional. Los intentos de delitos en general se castigan menos severamente que los delitos cometidos de verdad."
atestiguar/prestar testimonio,"Confirmar, oralmente o por escrito, que algo es cierto. "
abogado del caso,El abogado que aparece en los registros del caso como el representante de alguien.
peligro atrayente,"Una condición peligrosa en una propiedad del terrateniente que podría atraer y poner en peligro a los niños, como por ejemplo una alberca sin barda."
suspensión automática,"Una orden que suspende una acción; por ejemplo, cuando uno se presenta en quiebra, los acreedores tienen que dejar de tratar de cobrarle inmediatamente.  "
otorgamiento,"1. Un fallo o decisión final de un árbitro, jurado u otro funcionario autorizado.
2. La decisión de dar dinero a una persona o parte en un caso."
confiscación de fianza,Una orden judicial que permite al tribunal quedarse con el depósito de fianza porque el acusado no se hizo presente en el juzgado cuando debía.
aviso de fianza,Un documento legal del tribunal que dice que se dictará una orden de arresto a menos que el acusado vaya al juzgado o pague la fianza.
fianza,Un depósito de seguridad (en general dinero) que se da para liberar al acusado y asegurarse que se haga presente en el juzgado cuando debe.
guarda de banca,Una persona que está a cargo de la seguridad en el juzgado.
saldo adeudado,"La cantidad de dinero que se debe en una cuenta, hipoteca o pagaré en particular. Puede o no incluir intereses. "
embargo bancario,"Manera de hacer cumplir un fallo en contra de una persona que debe dinero. El dinero se saca de su cuenta corriente o de ahorro en un banco, sociedad de ahorros y préstamo, institución de ahorros o unión crediticia."
código de quiebras,"El nombre informal dado al Título 11 del Código de los Estados Unidos (11 U.S.C., secciones 101-1330), la ley federal de quiebras. "
tribunal de quiebras,Los jueces de quiebras en servicio activo regular en cada distrito; una unidad del tribunal de distrito.
quiebra,La manera legal en que una empresa o persona puede obtener ayuda cuando no puede pagar el dinero que debe. Pueden ir al tribunal de quiebras para deshacerse de sus deudas pagando solo parte de lo que deben. En estas audiencias hay jueces especiales de quiebras.
agresión física,Pegar u otra violencia física o control ilegal de una persona sin su permiso.
plan de intervención conductual,Un plan elaborado por una agencia educativa local (LEA) como parte del programa de educación individual (IEP) de un estudiante. El objetivo del plan es modificar la conducta violenta o destructiva del estudiante.
juicio de banca,Un juicio sin un jurado. El juez decide el caso.
orden de arresto desde el estrado,Una orden que da el juez (desde el “estrado”) para arrestar a una persona.
banca,"La silla y escritorio (no una banca) donde el juez se sienta cuando está en la sala del juzgado. A veces “banca” se refiere al juez mismo; por ejemplo, un ""juicio de banca"" quiere decir un juicio decidido solo por el juez, sin jurado. Y “acercarse a la banca” quiere decir acercarse al juez."
beneficiario,"Una persona u organización con derecho a recibir beneficios; por ejemplo, de un testamento, póliza de seguro de vida o agencia pública."
legar,Darle un bien personal a otro por medio de un testamento. Comparar con: otorgar.
legado,"Bien personal, no un bien inmueble, que se dona por medio de un testamento."
mejor interés del menor,"El criterio utilizado por los tribunales para decidir quién se hará cargo del menor. Los tribunales se fijan en ciertos factores como: la edad y salud del menor, los lazos emocionales entre el menor y sus padres, la capacidad de los padres para cuidar al menor, y los lazos que tiene el menor con su escuela, su hogar y la comunidad."
más allá de una duda razonable,La carga de la prueba en un juicio penal. Instruye al juez o jurado que solo se puede declarar culpable al acusado si uno está convencido de su culpabilidad “más allá de una duda razonable”. 
sesgo,"La predisposición de una persona que toma una decisión a favor o en contra de alguien o de un grupo particular de personas involucradas en un caso. El sesgo puede estar relacionado con una actitud discriminatoria, opiniones personales, negocios financieros o conocimiento personal de una una persona del caso."
conminar,La decisión de un juez antes de un juicio que dice que hay suficientes pruebas para tener un juicio.
de buena fe,"Sincero, real, sin fraude o engaño. Viene del latín “bona fide”."
caución,"Una escritura o documento legal que restringe a una persona o que hace que esa persona sea responsable por algo. En el tribunal, una caución es una declaración escrita que obliga a una persona a pagar dinero a otra persona en ciertas circunstancias."
fichar,"Lo que hace la policía cuando arresta a alguien. Incluye tomar las huellas digitales, fotografías, e información personal sobre la persona."
carga de la prueba,Cuando una persona en el caso tiene la responsabilidad de presentar más pruebas que la otra persona.
carga de prueba,"El nivel de prueba necesario para ganar un caso judicial. En una demanda civil, el demandante en general debe demostrar por ""preponderancia de las pruebas"" que todos los hechos necesarios para obtener un fallo a su favor están presentes y son probablemente ciertos. En un juicio penal, la carga de prueba es demostrar que el acusado es culpable “más allá de una duda razonable""."
ingreso forzado,Cuando alguien entra en un edificio o casa ilegalmente con la intención de cometer un robo u otro delito grave.
audiencia de calendario,"Una audiencia donde se programan muchos casos simultáneamente, y un juez considera cada uno de ellos en función de su estado específico."
calendario,Una lista de casos programados para un juzgado en particular.
encabezamiento,"Un título requerido en todos los documentos para la corte que indica el nombre e información de contacto del abogado, o de una parte sin abogado, el juzgado, el número de caso, el nombre del documento y los nombres de todas las partes involucradas en el caso. "
cuidado,"Atención, cautela. Una persona que ejerció un cuidado razonable no es responsable por lesiones causadas por lo que hizo. "
CASA,Sigla en inglés de Defensor Especial Nombrado por el Tribunal. Un voluntario que recibe capacitación especial para ayudar al tribunal en casos de dependencia de menores. Proporciona información a los jueces para ayudarles a tomar decisiones en el mejor interés del menor. 
expediente del caso,Una colección completa de todos los documentos presentados en un caso judicial.
precedentes judiciales,Derecho creado a partir de las decisiones anteriores tomadas por los jueces en casos similares.
número del caso,Número de identificación que el secretario del tribunal le da a un caso. Este número aparece en todos los documentos presentados en el caso. También se llama “identificación del caso”.
caso,Un juicio o disputa tramitada en el tribunal o por un método de resolución similar.
empleo doméstico casual,Trabajo periódico proporcionado por un individuo en una residencia privada.
causa,Algo que precede y hace que ocurra algo. 
cesar,"Parar, terminar."
copia certificada,"Una copia oficial de un documento del expediente del caso que se declara como verdadera, completa y copia fiel del documento original."
recámara,"La oficina del juez. En general, también donde trabaja el secretario del juez."
cambio de jurisdicción,Cuando se transfiere un caso civil o penal de la jurisdicción de un tribunal a otra.
testigo de carácter,Una persona que atestigua en el tribunal sobre el buen carácter y reputación de una persona en la comunidad. Este tipo de testimonio se puede usar en casos penales y civiles donde la honestidad o moralidad de una persona se encuentra en cuestión.
cargo,"En el derecho penal, cada cosa de que se lo acusa al acusado."
documento de cargo,"A veces llamado acusación o información, es una lista de cada uno de los cargos contra un acusado."
orden de prevención de secuestro de los hijos,Una orden judicial que limita dónde puede viajar un padre con sus hijos.
maltrato de menor,"Causar daño a un menor en forma física, sexual o emocional."
defensor de menores,Una persona nombrada por un juez para ayudar a un menor en un caso judicial. El menor puede ser un experto en bienestar de menores o un abogado.
evaluación de custodia de los hijos,"Una investigación sobre la salud, seguridad y bienestar de los hijos, en general en un caso de custodia o visitación."
mediación de custodia de los hijos,Una reunión guiada por un profesional especialmente capacitado para ayudar a los padres a tomar decisiones sobre el plan de crianza de sus hijos.
custodia de los hijos,Los derechos y las responsabilidades de los padres frente a su(s) hijo(s). Un plan de crianza tiene que indicar la custodia legal y custodia física que sean en el mejor interés de los menores. Este término también se usa con frecuencia para describir con quién viven los menores.
descuido de menores,No cuidar bien a un menor. El descuido puede ser físico o emocional.
servicios de protección infantil (CPS),"Una agencia estatal que investiga denuncias de maltrato y descuido de menores. Si CPS descubre maltrato o descuido, abrirá un caso de protección de menores, y un encargado del caso hará un plan para ayudar a la familia."
manutención de los hijos,"Dinero pagado por un padre que no tiene la custodia para ayudar a mantener a su hijo. La manutención de los hijos también puede incluir otros gastos, como el seguro médico de su hijo."
manutención de los hijos,"Dinero pagado por un padre no custodial para ayudar a mantener a su hijo. La manutención de los hijos también puede incluir otros gastos, como el seguro médico para su hijo."
tribunal de circuito (federal),"En el sistema federal, los tribunales de los 13 circuitos, de los cuales 11 cubren distintas áreas geográficas del país. "
tribunal de circuito (estatal),El tribunal de primera instancia principal en muchos estados. 
prueba circunstancial,Prueba indirecta; testimonio que no está basado en un conocimiento u observación personal directa de los hechos en disputa.
citación,Una orden o citatorio de un tribunal que indica los cargos o le informa al acusado que tiene que ir al juzgado y/o depositar una fianza.
citar,Referirse a una ley o decisión tomada en otro caso.
caso civil; demanda civil,Un proceso legal en el cual una persona (el demandante) demanda a otra (el demandado) por haberle causado lesiones o pérdidas. El demandante quiere que el demandado lo indemnice por sus pérdidas.
caso civil,Una demandaentre dos o más personas en un asunto privado que no es penal.
responsabilidad civil,"Una obligación legal, en general de pagar daños u otro pago dictado por el tribunal."
libertades civiles,"Derechos otorgados a la gente por la Constitución (principalmente por la primera enmienda) para poder expresarse, pensar, reunirse, organizarse, rendir culto o peticionar libremente, sin interferencia o restricciones por parte del gobierno."
derechos civiles; garantías civiles,"Derechos garantizados por la Declaración de Derechos Constitucionales de EE.UU. (U.S. Bill of Rights) y las enmiendas 13 y 14 de la Constitución de EE.UU., como el derecho al debido proceso y el tratamiento equitativo en virtud de la ley de todas las personas en lo que hace al goce de la vida, la libertad, la propiedad y la protección."
derechos civiles,"Derechos garantizados por la Declaración de derechos, es decir las enmiendas 13, 14, 15 y 19 de la Constitución. Los derechos civiles incluyen libertades civiles, como la libertad de expresión, de prensa, de reunión y de religión, como también de proceso debido, el derecho al voto, el tratamiento equitativo y justo por parte de las fuerzas del orden y los tribunales, y la oportunidad de gozar de los beneficios de una sociedad democrática, como el acceso equitativo a las escuelas públicas, recreación, transporte, instalaciones públicas y vivienda."
unión civil,"Una relación legal, similar al matrimonio, disponible en muchos estados. En general brinda los mismos derechos y responsabilidades que un matrimonio para parejas del mismo sexo que registran su unión civil. "
reclamo de exención,"Un documento judicial presentado por el deudor de un fallo que indica todas las propiedades para las que reclama protección (exención), es decir para que no se las quiten. "
reclamo,Una declaración efectuada por un acreedor indicando que tiene el derecho a recibir pago de un deudor o a quedarse con el bien de un deudor.
reclamante,Una persona que presenta un reclamo.
cuota de limpieza,"Una cuota no reembolsable cobrada por un propietario cuando un inquilino toma posesión de una vivienda. La cuota cubre el costo de limpiar la unidad de arriendo después de que el inquilino deje la vivienda, aunque este la deje en condiciones impecables. La cuota de limpieza es ilegal en algunos estados. En todos los estados, los propietarios pueden usar el depósito de seguridad para reparar los daños en una unidad de vivienda."
secretario del tribunal,"Una persona elegida por los jueces para ayudar a administrar los casos, mantener los expedientes judiciales, manejar los asuntos financieros y proporcionar respaldo administrativo. "
alegatos finales,"Un discurso efectuado en un juicio después de que se presentaron todas las pruebas. El alegato final repasa y resume todas las pruebas, y explica enfáticamente por qué el veredicto debería ser a favor de la parte que lo hace. En los juicios de banca (sin un jurado), es común que las dos partes renuncien al alegato final, porque se supone que a esa altura el juez ya ha tomado una decisión."
divorcio colaborativo,"Un método para resolver un divorcio en que ambos cónyuges contratan a abogados de derecho colaborativo y se ponen de acuerdo en negociar el divorcio por medio de una serie de reuniones entre las cuatro partes, frecuentemente con ayuda de evaluadores de custodia, tasadores o contadores. Si el divorcio no se puede resolver en estas reuniones, y una de las partes presenta una solicitud de divorcio en el tribunal, ambos abogados tienen que retirarse del caso y los cónyuges tienen que contratar abogados nuevos. Esto proporciona un incentivo económico para resolver el caso."
garantía,Bienes comprometidos como garantía para el cumplimiento de una deuda.
cuidado de confort,Atención médica provista para aliviar el dolor y la molestia. También se llama cuidado paliativo.
comenzar,iniciar
combinación,"La mezcla de los fondos de una persona o entidad con los de otra. Los cónyuges y socios comerciales en general puede combinar sus activos sin problemas. Pero en los estados que reconocen bienes comunitarios, los cónyuges corren el riesgo de convertir sus bienes separados en bienes comunitarios (transmutación). "
comisionado,Una persona nombrada por un tribunal para considerar y decidir ciertos tipos de casos.
cometer (delito),"1. Realizar algo, como un delito."
confinar (custodia),2. Poner a alguien bajo la custodia del alguacil.
confinar (establecimiento),3. Usar una orden del tribunal para enviar a una persona a la cárcel o a otro establecimiento.
derecho común (common law),El sistema jurídico que se originó en Inglaterra y que se usa actualmente en los Estados Unidos; se basa en la creación de principios jurídicos en una sucesión histórica de decisiones judiciales.
bienes en común,Bienes propiedad de dos o más personas.
obligaciones comunitarias,"Obligaciones comunitarias son las deudas que los cónyuges tienen en común. En la mayoría de los casos, esto incluye todas las deudas contraídas por cualquiera de los cónyuges durante el matrimonio. "
bienes comunitarios,"Los bienes comunitarios son todo lo que los cónyuges poseen en común. En la mayoría de los casos, esto incluye todos los bienes y ganancias adquiridas durante el matrimonio, con excepción de los bienes recibidos por herencia, regalo o ganancias por bienes separados que se tenían antes del matrimonio. "
servicio comunitario; servicio a la comunidad,Una condición especial impuesta por el tribunal que exige a un individuo que trabaje sin pago para una organización cívica o sin fines de lucro.
compensación,Pago por trabajo realizado o daños sufridos.
demandante,"La persona que inicia un caso contra otra persona. En un caso civil, el demandante también se llama reclamante o peticionario. En un caso penal, el demandante es el estado."
demanda,"Todos los casos civiles comienzan con un documento legal llamado demanda. (También se puede llamar reclamo, alegato inicial o petición). La demanda explica:
• Quién es el demandante y quién es el demandado;
• Cuál es el daño cometido; y
• Qué pide el demandante en compensación.  Para iniciar un caso penal se usa una “acusación”.
"
compromiso,Un acuerdo entre partes opuestas para resolver una disputa o llegar a un acuerdo en el que cada parte cede algo en vez de continuar con la disputa e ir a juicio.
obligatorio,Requerido 
acta confidencial,Información en un caso judicial que no está disponible al público. 
confiscar,"Tomar propiedad privada para uso público sin dar una indemnización razonable, como cuando el gobierno confisca un automóvil utilizado para transportar contrabando."
copia conforme,"Una copia exacta de un documento presentado ante el tribunal. Para conformar una copia, el secretario del juzgado sellará el documento con la fecha de presentación y agregará al documento cualquier nota escrita que existía en el original, como las fechas y la firma del juez.  Una copia conforme puede o no estar certificada, es decir garantizada por un tribunal o agencia gubernamental que es una copia verdadera y exacta del original."
derechos conyugales,"Los derechos íntimos del matrimonio, como confort, compañía, afección y relaciones sexuales. Algunos estados permiten que los presos tengan ""visitas conyugales"", incluyendo relaciones sexuales, con su cónyuge o pareja."
decreto de consentimiento,"Una orden del tribunal dictada después de que todas las personas del caso han llegado a un acuerdo, si el juez lo considera aceptable. "
divorcio por consentimiento,Un divorcio que se basa en el acuerdo de los cónyuges con los términos del divorcio. 
fallo por consentimiento,"Cuando las partes de un caso aceptan los términos para dar por terminado su caso, y escriben un acuerdo para que el juez lo firme. Esto se llama fallo por consentimiento."
consentimiento,Acuerdo voluntario prestado por una persona competente.
pupilo,Cuando una persona no se puede cuidar a sí misma y tiene un cuidador (llamado “tutor”) para brindar o supervisar su cuidado.
tutor del patrimonio,Una persona o empresa autorizada por el tribunal a administrar los asuntos financieros de una persona que no lo puede hacer por sí misma.
tutor de la persona,Una persona o empresa autorizada por el tribunal a cuidar y proteger a una persona que no lo puede hacer por sí misma.
tutor de un adulto,Alguien autorizado por el tribunal a cuidar a otra persona que no se puede cuidar a sí misma (llamada “pupilo”).
tutela de adultos,"En California, una actuación judicial en la que un juez nombra a alguien para que se encargue del cuidado de un adulto que no se puede cuidar a sí mismo. En otros estados se llama curatela. "
consignar,"1. Darle bienes a otro para vender; las ganancias de la venta en general se reparten entre el vendedor y el dueño original, o se ponen bajo la custodia o el cuidado de otra persona. "
consignatario,"Una persona o empresa a quien se consigna algo, típicamente bienes para vender o entregar."
consignación,"El acto de encomendar bienes a una persona o empresa, que después las vende a su nombre (y cobra una comisión por hacerlo), devolviendo aquellos bienes que no se vendieron."
consolidación de casos,Cuando se juntan dos o más casos que tienen que ver con las mismas personas. 
conspiración,"Un acuerdo entre dos o más personas para hacer algo ilegal. Para probar una conspiración, hacen falta pruebas de que las personas elaboraron el plan antes de ponerlo en acción. Para probar una conspiración penal, en general hacen falta pruebas de alguna acción evidente para llevar a cabo el plan. "
conspiración,Una persona que se pone de acuerdo con otra persona (o personas) para hacer algo ilegal.
constitución,"En general se refiere a la Constitución de EE. UU., el documento fundamental que establece el sistema legal central de nuestro país, y el carácter y la organización de su poder, y cómo dicho poder se puede ejercer."
enmienda constitucional,"Un cambio en la Constitución de EE. UU. que en general comienza como una resolución conjunta del Congreso. Para que entre en vigor, tiene que ser aprobada por dos tercios de los votos de la Cámara de Representantes y el Senado, y después ser aprobada por tres cuartas partes de las legislaturas estatales."
derechos constitucionales,"Derechos otorgados o puestos a disposición de la gente por la Constitución de EE. UU., y en particular por la Declaración de derechos."
consulado,Los consulados de EE. UU. son sucursales de las embajadas de EE. UU. en todo el mundo. La mayoría de los consulados acepta y procesa solicitudes de visa de inmigrante (tarjeta verde) y no inmigrante.
consumir,"Beber, usar."
quiebra de consumidor,"Un caso de quiebra presentado para reducir o eliminar deudas, la mayoría de las cuales son deudas por bienes o servicios."
ley de protección del crédito de consumidores (CCPA),"Ley federal que, entre otras cosas, limita cuánto dinero se puede sacar del sueldo de una persona para pagar la manutención de los hijos. "
informe sobre el consumidor,"Información proporcionada por una agencia de informes sobre el consumidor, como sus antecedentes de crédito, carácter, características personales o estilo de vida, y que se utiliza con frecuencia en decisiones de empleo, para decidir si se otorga crédito a una persona, para decidir si se ofrece un alquiler a alguien o para otro fin comercial legítimo. Algunos ejemplos de informes de consumidor son informes de antecedentes penales e informes de crédito. Para obtener un informe sobre el consumidor, el solicitante tiene que seguir el proceso estipulado por la Ley de Informe Equitativo de Crédito."
consumación,"La actualización de un matrimonio. Para “consumar” un matrimonio hay que tener relaciones sexuales. Si un matrimonio no se consuma, esto se puede usar para pedir un divorcio o anulación."
desacato,Ignorar o desobedecer una orden del tribunal intencionalmente. El desacato del tribunal se puede castigar con una multa y/o cárcel.
impugnar,"Oponerse, disputar o desafiar usando un procedimiento formal o legal. Por ejemplo, el demandado en un caso de divorcio puede disputar la solicitud del demandante."
audiencia disputada,"Si no hay acuerdo entre las partes del caso, se puede hacer un juicio, que a veces se llama audiencia disputada."
caso disputado,"Cuando ambas partes de un caso están en desacuerdo, se llama un caso disputado. "
aplazamiento,Postergación de un caso judicial para más adelante. Algunos estados han aprobado reglas de “juicio rápido” que limitan el poder de un juez para aprobar estos aplazamientos.
aplazar,postergar
contrato,Un acuerdo entre 2 o más personas u organizaciones para hacer o no algo en particular. 
contribución,"Un pago a un fondo común, o donación a una organización de caridad sin que se espere nada a cambio."
sustancia controlada,"Una droga o compuesto que la ley federal o estatal ha declarado de uso o venta ilegal, pero que se puede dispensar bajo receta. Puede ser controlada o regulada debido al peligro de adicción, daño físico o mental, la posibilidad de comercialización por medios ilegales o el peligro para aquellos que la usan."
condena,Un fallo que declara la culpabilidad de un acusado.
abogado/consejo legal,Asesoramiento legal; un término que también se usa para referirse a los abogados de un caso.
contrademanda,Un cargo independiente hecho por una parte de un caso (el demandante o demandado) que va en contra del reclamo hecho por la otra parte. (Comparar con demanda cruzada).
contrarreclamo,Un cargo independiente hecho por una parte de un caso que va en contra del reclamo hecho por la otra parte.
fiscal de condado,Un abogado que representa un condado en cuestiones civiles y litiga violaciones de las ordenanzas del condado.
calendario judicial,"Una lista de casos y audiencias que tendrán lugar en un juzgado un día, semana o mes en particular. El calendario judicial a veces se llama orden del día, calendario de juicios o lista de casos."
costos judiciales,"Las cuotas cobradas por usar los servicios del juzgado, como cuotas de presentación, cuotas de entrega legal, cuotas para pagar a un taquígrafo del juzgado para transcribir declaraciones juradas, fotocopias de los documentos de la corte, etc."
orden judicial,"Una decisión legal tomada por un tribunal que ordena o instruye que se haga o no algo. Puede ser tomada por un juez, comisionado, árbitro judicial o magistrado."
taquígrafo judicial,"Una persona que hace un registro verbal de lo que se dice en el juzgado, en general usando un equipo estenográfico, taquigrafía o grabación de audio, y después produce un acta de las actuaciones bajo pedido."
juicio ante un juez,Un juicio sin un jurado. El juez decide el caso.
aviso de cortesía,"Un aviso que se envía por infracciones de tránsito para informarle a un acusado sobre una fecha de audiencia, fianza, etc."
credibilidad,Que se puede creer.
testigo creíble,"Un testigo cuyo testimonio es creíble debido a su experiencia, conocimiento, capacitación y apariencia de honestidad y sinceridad."
consejería de crédito,"En general se refiere a dos acontecimientos en casos de quiebra: 
(1) instrucciones que debe recibir cada deudor individual antes de poder presentar una quiebra;
(2) un curso educativo en gestión de finanzas personales que un deudor individual tiene que tomar antes de que el tribunal pueda dar de baja su deuda. 
"
informe de crédito,"Un recuento escrito de los antecedentes de crédito de un consumidor, preparado por una agencia de informe de crédito. Los informes de crédito en general incluyen información sobre préstamos, tarjetas de crédito y otras facturas y cuentas, como también un registro de las direcciones y empleadores del consumidor. Para obtener y usar un informe de crédito de un consumidor, una empresa tiene que cumplir con los procedimientos de la Ley de Informe Equitativo de Crédito."
calificación de crédito,"Una calificación usada por los acreedores para evaluar el merecimiento de alguien que está solicitando un crédito, como una hipoteca o tarjeta de crédito. Las calificaciones de crédito altas (más de 700) indican un riesgo menor de mora en los pagos; las calificaciones bajas (debajo de 400) indican problemas potenciales. Las calificaciones de crédito se basan en información sobre su informe de crédito, como el historial de pago de cuentas y la deuda impaga. La compañía de calificación de crédito más grande es Fair Isaac Corporation (FICO)."
reclamo de acreedor (testamentario),"Un reclamo escrito presentado ante el tribunal testamentario por una persona o entidad a quien una persona fallecida le debe dinero. La ley estatal impone una fecha límite, en general de algunos meses, para presentar un reclamo en el tribunal testamentario. "
derechos de acreedor,Los procedimientos y derechos legales a disposición de los acreedores para cobrar deudas y fallos.
acreedor,"Una persona o empresa a quien el deudor le debe dinero, o que reclama que el deudor le debe dinero."
culpable,Digno de culpa. Responsabilidad suficiente por actos delictivos o negligencia como para tener la culpa y ser responsable por una conducta.
interferencia custodial,"Quitar un hijo de uno de sus padres como manera de interferir con la custodia física que dicho padre tiene sobre su hijo. En la mayoría de los estados esto es un delito, aunque la persona que quite al menor también tenga derechos de custodia."
padre custodial,"El padre que tiene el cuidado, custodia y control principal o exclusivo de su hijo."
mediación de custodia,Una reunión con una tercera parte neutral capacitada especialmente para ayudar a los padres a que se pongan de acuerdo en un plan de crianza para sus hijos. 
orden de custodia,"Una orden del tribunal que dice con quién vivirá un menor y quién deberá tomar las decisiones sobre la atención médica, educación y otras cosas importantes."
custodia,"El padre que tiene cuidado, custodia y control exclusivo de un hijo después de un divorcio, y con quien vive el hijo la mayor parte del tiempo. "
acecho cibernético,"Conducta acechante usando comunicaciones electrónicas o medios sociales, como Facebook. "
cobrador de deudas,Una compañía o persona que encuentra a los deudores y trata de conseguir que paguen su deuda.
deuda,"El dinero que una persona le debe a otros, o la suma total de todo lo que una persona debe a sus acreedores. "
deudor,Una persona que presentó una petición conforme al Código de Quiebras.
sucesión del difunto,Todos los bienes personales e inmuebles que la persona poseía al momento de su fallecimiento.
difunto,La persona que falleció.
fallo por falta de comparecencia o en rebeldía,Un fallo que le reconoce al demandante la medida que solicitó en su demanda porque el demandado no compareció ante el tribunal o no respondió a la demanda de alguna otra manera.
demandado,Un individuo (o empresa) contra quien se inicia un caso o una demanda.
denegación,"Una declaración efectuada por un demandado que dice que un alegato (reclamo sobre algo que pasó) no es cierto. En una demanda civil, cuando un demandado responde a la demanda del demandante, tiene tres opciones: admitirla, denegarla o rechazar los alegatos porque no tiene suficiente información para confirmarlos o denegarlos. Si un demandado deniega todos los alegatos, esto se llama una denegación general. La respuesta de un demandado también puede incluir defensas afirmativas."
legatario,Alguien que recibe algo en el testamento.
descarga (de deudas),La cancelación de las deudas por un tribunal de quiebra.  
discriminación,"Recibir un tratamiento peor que los demás debido a una característica o actividad legalmente protegida (como edad, raza, sexo, religión, etc.)."
desestimación/despido,"(1) En un caso judicial, el juez puede desestimar o despedir toda o una porción de la demanda de un demandante sin recibir más pruebas o testimonios, si cree que el demandante no ha probado su caso y no lo podrá probar. Este fallo se puede dictar antes o durante un juicio. El juez puede desestimar un caso por sí mismo o en respuesta a una moción del demandado.  Además, el demandante puede desestimar una acción legal en forma voluntaria o durante el juicio si el caso se resuelve, no se puede probar, o si quiere eliminar un reclamo débil debido a su estrategia del caso.  También se puede despedir a un demandado de un juicio, o sea eliminar la demanda contra esa parte. (2) Dar de baja o despedir a un empleado."
debido proceso ,"En el derecho penal, la garantía constitucional de que un acusado recibirá un juicio equitativo e imparcial. En el derecho civil, los derechos legales de alguien que tiene un caso en su contra que amenaza su libertad o sus bienes. "
ingresos,"Pago por servicios personales. Esto puede incluir sueldos, salarios, comisiones, bonificaciones y pagos de un plan de jubilación o pensión.  "
menor de edad emancipado,"Una persona menor de 18 años de edad que ya no está bajo el control de sus padres, ya sea por efecto de la ley (por ejemplo, debido a que se casó) o por la orden de un juez. Un menor emancipado tiene algunos, pero no todos, los derechos de los adultos, y puede vivir independientemente o bajo el control de otros."
emancipación,Emancipación es cuando un padre renuncia al control que tiene sobre un hijo menor de edad. Algunos estados permiten que un menor inicie un caso para que un juez declare su emancipación.
equidad,"Se refiere a acciones civiles por “equidad” en vez de por “derecho”. En la historia jurídica inglesa, los tribunales de “derecho” podían ordenar el pago de daños y perjuicios, pero ningún otro tipo de remedio legal."
cuenta de plica,Una cuenta que tiene fondos designados para un fin en particular y que no se pueden mezclar con ningún otro fondo. 
desalojo,Obligar a alguien a que abandone un edificio o terreno. El desalojo legal más común es un caso judicial en el que el propietario le pide a un juez que le ordene al inquilino que se vaya.
desalojos,Los desalojos obligan a la gente a dejar la casa en que viven. Un desalojo legal en general requiere que un juez firme una orden de desalojo.
pruebas,"Los muchos tipos de información que se presentan a un juez o jurado designado para convencerlos de la verdad o falsedad de hechos clave. Las pruebas incluyen típicamente el testimonio de testigos, documentos, fotografías, propiedad dañada, registros gubernamentales, videos e informes de laboratorio. "
ex parte,"Un procedimiento legal iniciado en el tribunal por una parte solamente, sin dar aviso ni permitir a la otra parte que se oponga. "
albacea,Una persona nombrada en el testamento y designada por el tribunal para cumplir con los deseos de la persona fallecida. El albacea también se llama representante personal de la sucesión. 
activos exentos o inembargables,Bienes que el deudor puede retener y que no quedan sujetos a los reclamos de los acreedores que no tengan un derecho de retención sobre ellos. 
bienes exentos,Cierta propiedad o bienes de un deudor individual que el Código de Quiebras o las leyes estatales pertinentes le permiten retener de los acreedores sin garantía.
expulsión,Expulsión o ser expulsado quiere decir que no puede asistir a la escuela o participar en actividades escolares por más de 90 días (en algunos estados). 
erradicación,El proceso de sellar los expedientes de una condena penal. 
extensión,"Se refiere a una cantidad específica de tiempo adicional para efectuar un pago, presentar un documento legal o continuar con un arriendo después del vencimiento del plazo original."
audiencia imparcial,Una manera de disputar una decisión de DSS con la que no está de acuerdo. Las audiencias imparciales son administradas por la Oficina de Ayuda Temporal y Discapacidades del Estado de Nueva York. Un juez considerará su problema y decidirá qué medida se debe tomar al respecto.
valor justo de mercado,La cantidad de dinero por la que un vendedor dispuesto puede vender un objeto en el mercado abierto a un comprador dispuesto.
exención de cuotas,Permiso para no pagar las cuotas de la corte para presentar documentos. Las personas con muy bajos ingresos pueden pedir a la corte tribunal un formulario de exención de cuotas.
delito grave,"Un delito mayor, que en general se castiga por lo menos con un año en prisión. "
ejecución hipotecaria,El proceso legal utilizado por un prestamista para tomar posesión de una propiedad cuando el prestatario no ha efectuado sus pagos hipotecarios. Los bancos usan la ejecución hipotecaria para sacar a los prestatarios de sus casas.
ejecución hipotecaria,"La ejecución hipotecaria es cuando un banco se apodera de una propiedad porque el dueño no pudo pagar el préstamo. En la mayoría de los casos, el banco venderá la propiedad. Se hará una subasta, y la persona que haga la oferta más alta se convertirá en el nuevo dueño."
embargado,"Una tercera parte que controla el dinero del deudor o le paga al deudor. Por ejemplo, un embargado podría ser un banco, empleado, inquilino o el estado de Michigan. "
embargo,"Obtener una orden judicial que requiere a una tercera parte retener fondos que pertenecen al deudor y utilizar una parte de dichos fondos para beneficio de un acreedor. Por ejemplo, un tribunal puede emitir una orden de embargo del sueldo de un padre que debe manutención de los hijos; el empleador tiene que retener una cierta cantidad de dinero del cheque de sueldo del padre todos los meses y enviar ese dinero a otro (frecuentemente el alguacil local) para que este pague al otro padre."
tutor ad litem,Un adulto nombrado por el tribunal para representar los intereses de un menor de edad o a una persona legalmente incompetente. (Ver también ad litem.)
tutor,La persona nombrada por un juez para cuidar a un menor o un adulto incapaz.
tutela,"Una relación legal creada por el tribunal entre un tutor y un dependiente, ya sea un menor de edad o un adulto incapacitado. "
condiciones habitables,"Los propietarios tienen que brindar condiciones de vida decentes o “habitables”. De lo contrario, estarán violando una responsabilidad legal y usted puede pedirle al propietario que le devuelva parte del alquiler. O puede cancelar su contrato de alquiler, mudarse y pedirle al propietario que le devuelva parte de su alquiler. "
audiencia,Una sesión breve del tribunal que resuelve una cuestión específica antes de que se haga el juicio. 
heredero,La persona que hereda cuando no hay un testamento.
testamento holográfico,"Un testamento escrito a mano, fechado y firmado por la persona que lo escribió."
tráfico de seres humanos,"Reclutar, transportar, tomar o detener gente con el fin de obtener ganancias, como por ejemplo para trabajo forzado o explotación sexual. "
ingresos dentro de las pautas,"Cualquier forma de pago periódico a una persona, sin importar su origen, incluyendo sueldos, salarios, comisiones, bonificaciones, compensación del trabajador, pagos por discapacidad, pensiones, pagos de programas de jubilación e intereses."
contratista independiente,"Una categoría legal de trabajadores que es distinta a la de un empleado. Los empleadores no tienen que retener ni pagar impuestos federales, estatales y del Seguro Social (FICA) para contratistas independientes, de la misma manera que lo tienen que hacer con sus empleados."
indigencia,"Empobrecido o incapaz de suplir sus necesidades de vida. Un acusado indigente tiene el derecho constitucional a representación provista por el tribunal, de acuerdo a la decisión Gideon v. Wainright de la Corte Suprema de 1963."
herencia; patrimonio,"Lo que uno recibe al fallecimiento de un pariente, dispuesto por las leyes sucesorias o por los términos del testamento."
plan de pagos,"Un acuerdo en que las prestaciones se realizan a plazos. Por ejemplo, los pagos de dinero, entrega de bienes o prestación de servicios se hacen en una serie de pagos, entregas o prestaciones, en general en fechas específicas o cuando ocurren ciertos acontecimientos."
sucesión intestada,El orden de los que heredan los bienes cuando alguien fallece sin dejar un testamento.
intestado,Cuando una persona fallece sin dejar un testamento válido.
declaración de impuestos conjunta,Una declaración de impuestos de una pareja casada para reportar sus ingresos y deducciones en forma combinada.
propiedad conjunta,"Cuando dos o más personas son dueñas de una propiedad, en general con derecho de supervivencia."
acreedor del fallo,Una persona o entidad que gana un juicio y a quien la otra parte le deberá dinero.
fallo de posesión,"Una orden judicial que le devuelve al propietario posesión de la propiedad. El juez también puede ordenar el pago de costos y daños, como alquiler atrasado."
competencia,"La autoridad jurídica de un tribunal para considerar y decidir cierto tipo de caso. También se usa como sinónimo de jurisdicción territorial, o sea el área geográfica sobre la cual el tribunal tiene competencia para decidir casos. "
servicio de jurado,La obligación de prestar servicio en un jurado. 
instrucciones al jurado,Las pautas dadas por el juez que explican la ley que se aplica a este caso y cómo los jurados deberían evaluar las pruebas.
juicio por jurado,Un juicio en que el caso se presenta ante un jurado para que este tome la decisión final sobre el caso.
menor de edad,"Una persona que no ha llegado a la edad adulta legal (en general 18 años, a veces 21 años). "
propietario,"Una persona que alquila un terreno, un edificio o un departamento a un inquilino."
cuotas por pago atrasado,En algunos estados es ilegal que los propietarios cobren una cuota a los inquilinos por no pagar su alquiler a tiempo. 
despacho de abogados,Una organización formada por uno o más abogados para dedicarse al ejercicio del derecho.
"demanda judicial, pleito","Una acción legal iniciada por un demandante en contra de un demandado debido a que este último no cumplió con un deber legal, lo cual le causó daño al demandante."
leyes sobre el plomo,"La intoxicación con plomo causa problemas de salud graves, como retraso mental, problemas de audición y el habla, y a veces la muerte. El plomo es especialmente peligroso para niños menores de 6 años de edad y bebés sin nacer. El daño puede ser grave y permanente.  Muchos estados tienen leyes que les dan a los inquilinos derechos importantes para protegerlos contra la intoxicación con plomo en sus casas. Estos se llaman ""leyes sobre el plomo”."
contrato de alquiler,"Un acuerdo oral o escrito, expreso o implícito, que crea una relación de propietario a inquilino. "
custodia legal,El derecho de un padre a tomar decisiones importantes sobre la vida del menor.
responsabilidad,La obligación legal de responder por los actos u omisiones propios.
derecho de retención,Un reclamo contra una propiedad que se puede usar para pagar una deuda.
tutor limitado,Una persona autorizada por el tribunal para cuidar ciertos aspectos de la vida de un menor de edad o adulto incompetente.
liquidación,"La venta de una propiedad del deudor, cuyos fondos se usarán para beneficio de los acreedores."
litigante,"Cualquiera de las partes de una demanda. No incluye al juez, los testigos ni los abogados. "
litigio,"Un caso, controversia, o pleito. Los participantes (demandantes y demandados) del pleito se llaman litigantes. "
fideicomiso en vida,Un fideicomiso establecido por una persona mientras estaba con vida para distribuir dinero o bienes a otra persona u organización.
testamento en vida/documento de voluntad ,"Un testamento en vida, o documento de voluntad anticipada, generalmente se usa para decir que si usted tiene una enfermedad terminal no quiere que se usen procedimientos para demorar su muerte. También puede autorizar a una persona a tomar decisiones sobre su atención de la salud si usted queda incapacitado."
impedir el ingreso,Cuando un propietario impide ilegalmente que un inquilino pase a su unidad de vivienda con el fin de dar por terminado el alquiler. 
bienes conyugales; bienes en común,Todos los bienes que cualquiera de los cónyuges compró durante el matrimonio. No importa a nombre de quién están los bienes.
prueba de insuficiencia de medios,La sección 707(b)(2) del Código de Quiebras usa una “prueba de insuficiencia de medios” para determinar si la presentación de un deudor conforme al capítulo 7 se puede considerar un abuso del Código de Quiebras.
mediación,"Proceso de resolución alternativa de conflictos en el que una tercera parte neutral, el mediador, asiste a dos o más partes para ayudarles a negociar un acuerdo. "
mediador,Una tercera parte neutral que guía el proceso de resolución por mediación de dos partes en disputa.
menor,Una persona que tiene menos de 18 años de edad. 
delito menor,Una infracción que se castiga con un año de prisión o menos.
fallo monetario,"Si un fallo dice que una persona le debe una suma de dinero fija a otra persona o empresa, se dice que es un fallo monetario."
fallo monetario,La cantidad de dinero otorgada por el tribunal a una persona como pago por pérdidas o lesiones sufridas.
hipoteca,Una promesa de entregar una propiedad específica como garantía del pago de una deuda. El deudor hipotecario es la persona que promete entregar la propiedad. El acreedor hipotecario es el que acepta la promesa.
moción ,Un pedido formal para que un juez dé una orden o dictamen específico en una demanda.
notario público,Una persona autorizada por el estado a prestar juramento.
aviso de audiencia,"Un anuncio o alerta por escrito. Por ejemplo, un aviso a la otra parte diciendo que en cierta fecha se considerará una cierta moción en el juzgado."
aviso para desalojar,"Este tipo de aviso le pide que deje su casa en una cierta cantidad de días. No es necesario que se vaya ya mismo. Y hay cosas que puede hacer para parar, postergar u oponerse al desalojo."
aviso para dejar vacante,"Esta es una orden judicial que le da 5 días para dejar su casa. Si no se muda, el alguacil lo sacará de su unidad de alquiler e impedirá que vuelva."
juramento,"Una promesa de decir la verdad, y que responsabiliza a la persona juramentada por perjurio si mintió a sabiendas."
infracción ,Un acto que viola (contraviene) la ley. 
ordenanza,"La legislación local de una ciudad, pueblo, municipalidad o condado, dictada por el órgano legislativo local."
fuera del matrimonio ,"Algo que ocurre cuando no están casados. Cuando un bebé nace o es concebido mientras la pareja estaba casada, el tribunal tiene que determinar que el bebé nació fuera del matrimonio antes de poder quitarle los derechos de paternidad al esposo. "
pagos por horas extra,Los empleados deben recibir por lo menos una vez y media la paga regular por cada hora que exceda de 40 horas trabajadas por semana. 
programa de horario de crianza,"En un divorcio, un documento que describe el acuerdo de los padres para compartir el tiempo con sus hijos."
perjurio,"El delito de mentir intencionalmente después de haber jurado decir la verdad ante un notario público, el secretario del tribunal u otro funcionario."
bien personal,"Un bien o posesión mueble, a diferencia de una propiedad inmueble, cosas como dinero en efectivo, acciones, alhajas, vestimenta, muebles o carros."
representante personal,El administrador o albacea nombrado por el tribunal para administrar la sucesión.
petición,Un pedido formal por escrito hecho al tribunal pidiendo una acción judicial específica. (Comparar con moción). 
custodia física,Donde un hijo debería vivir. La custodia legal es distinta de la custodia física. La custodia legal indica quién puede tomar decisiones por el hijo.
demandante,La persona o empresa que presenta una demanda formal ante el tribunal.
escritos iniciales,Declaraciones escritas presentadas ante el tribunal que describen las afirmaciones legales o sobre los hechos de una de las partes del caso.
poder,Un documento que le otorga a alguien autorización para actuar en su nombre en asuntos específicos. La persona que actúa en nombre de otra es su representante (o también mandatario o apoderado). La persona que le da la autorización al apoderado se llama mandante o poderdante.
preponderancia de las pruebas,El nivel de pruebas requerido en la mayoría de los juicios civiles (no penales). El demandante tiene que demostrar que es más probable que no que hayan ocurrido los hechos necesarios para ganar el caso. 
padre presunto,Un hombre cuya esposa dio a luz o concibió a un niño durante su matrimonio es el padre presunto de ese niño. Es el padre legal del niño hasta que un tribunal revoque su paternidad. 
pro se,Que se representa a sí mismo. Actuar como su propio abogado.
tutela testamentaria,Cuando un tribunal nombra a una persona u organización para que sea legalmente responsable por alguien que no se puede administrar por sí mismo. La persona u organización es el tuto; la persona a quien cuida es el pupilo.
sucesión,El proceso de probar que un testamento es válido y después hacer lo que dice el testamento.
caso testamentario,"El proceso legal utilizado para administrar un testamento en el tribunal. El proceso judicial utilizado para distribuir los bienes de una persona fallecida, pagar sus deudas y liquidar sus asuntos financieros."
condena condicional,Una opción de condena en los tribunales federales y estatales.
notificador legal; persona que entrega documentos legales,"Cualquier persona mayor de 18 años de edad que no esté involucrada en el caso y que entrega la citación y una copia de la demanda, y después proporciona al tribunal una declaración jurada de que realizó la entrega. "
prueba de entrega,"Un documento presentado ante el tribunal que demuestra que se entregaron los documentos judiciales en forma legal. La prueba de entrega muestra quién recibió los documentos, cuándo y dónde se entregaron y quién hizo la entrega. Es firmado por el encarado de la entrega y sirve como prueba de que la entrega legal se efectuó en forma apropiada. "
bienes del patrimonio,Todos los intereses legales o patrimoniales del deudor en propiedad al comienzo del caso.
fiscal,Un funcionario público que procesa casos penales para el estado; a veces se llama “fiscal de distrito”.
orden de protección,Orden no penal obtenida por un cónyuge abusado contra un cónyuge abusivo.
asistencia pública,"Beneficios, como dinero o cupones de comida, para ayudar a personas o familias necesitadas. Se envía información sobre las personas que solicitan ciertos tipos de asistencia pública (como Ayuda Temporal para Familias Necesitadas, TANF) automáticamente a la agencia estatal IV-D para identificar y ubicar al padre no custodial, establecer paternidad y/u obtener pagos de manutención de los hijos. Esto le permite al estado recuperar algo o parte del dinero que paga a personas en forma de asistencia pública. (Ver también IV-D)."
goce silencioso,"A veces los propietarios son responsables por condiciones que impiden al inquilino “gozar con tranquilidad” de su unidad de alquiler. Por ejemplo: 
~ Problemas de plomería que no fueron solucionados correctamente y causaron inundaciones repetidas en su unidad;
~ No hay suficiente calefacción durante el invierno;
~ Apoderarse de su espacio privado, como su patio, y convertirlo en un área común para compartir con otros inquilinos;
Si la interferencia es tan dañina que el inquilino se tiene que mudar, puede haber una buena razón legal por cancelar el contrato de alquiler. 
"
bien inmueble o bien raíz,Edificios y terrenos.
acta,"Un recuento por escrito de las actuaciones de un caso, incluyendo todos los alegatos, pruebas, pruebas documentarias, y el fallo dictado durante el caso."
alquiler renovable,Los alquileres que son renovables se pueden prolongar por el mismo periodo que el primer alquiler si el inquilino notifica al propietario tal como lo indica en el contrato de alquiler (en general 30 días antes de que venza el contrato). 
anticipo,Un honorario que el cliente le paga al abogado antes de que este comience a trabajar para el cliente.
represalia,"Los empleadores no pueden castigar o discriminar contra sus empleados porque estos ejercieron sus derechos. Esto se aplica a todos los trabajadores, sea cual fuere su situación inmigratoria. Si un empleador denuncia o amenaza con denunciar a un trabajador indocumentado a las autoridades de inmigración por quejarse debido a un incumplimiento laboral, el empleador puede ser acusado penalmente y/o quedar sujeto a penas civiles. "
sección 8,Un programa de ayuda para viviendas financiado por el gobierno federal que ayuda a inquilinos de bajos ingresos con los pagos de alquiler.
deudas con garantía,Usted tiene una deuda con garantía si firmó un contrato que le da al acreedor una garantía por la deuda. 
depósito de garantía,"Una cantidad de dinero que se da al propietario y que se puede usar para cubrir alquileres impagos, daños o gastos de limpieza. "
trabajo por cuenta propia,"Cuando uno es dueño de una empresa y trabaja en ella, a menos que se trate de una corporación. Es distinto que trabajar para un empleador o patrón."
bienes por separado,"Un bien que uno de los cónyuges tenía antes del matrimonio. Cualquier herencia recibida por uno de los cónyuges, aun durante el matrimonio, es bien por separado. También lo son las donaciones personales (a menos que hayan provenido del otro cónyuge) y pagos por lesiones personales."
entrega de proceso o aviso legal,La entrega de escritos o citaciones a la parte apropiada.
dejar de lado,"(v) Revocar o anular una orden o fallo judicial. Por ejemplo, la parte perdedora en un caso puede presentar una moción para pedirle al juez que deje de lado el veredicto. "
resolución,Resolver un caso legal antes de que vaya a juicio. La mayoría de los casos se resuelven antes de ir a juicio. Esto quiere decir que usted y la otra parte acuerdan ciertas cosas a cambio de no ir a juicio. Algunos tribunales ofrecen mediadores para ayudar a personas que tienen un conflicto a llegar a un acuerdo. 
tribunal de reclamos menores,"La división del tribunal de primera instancia que se hace cargo de casos civiles donde se pide una cantidad reducida de dinero. Un caso de reclamos menores está diseñado para ser simple, rápido y costar menos que un juicio civil regular. La cantidad máxima de dinero que se puede pedir depende de cada estado."
sucesiones pequeñas,"Un patrimonio que contiene bienes de valor suficientemente bajo como para poder utilizar procedimientos testamentarios simplificados conforme a la ley estatal, o transferencias extrajudiciales de los bienes del difunto."
cónyuge,Esposo o esposa.
acecho,Acosar a alguien en forma repetida y obsesiva de manera alarmante o que genera miedo.
ley de prescripción,El plazo en el que se debe presentar una demanda o iniciar una causa penal. Este plazo puede variar según el tipo de caso civil o el delito del cual se acusa. 
ley,Una ley aprobada por una legislatura.
suspensión de cumplimiento,"Una orden judicial que le da más tiempo para mudarse, en general alrededor de una semana. Tendrá que pagar el alquiler por esa semana adicional."
citatorio,Una orden emitida en virtud de la autoridad de un tribunal para que comparezca un testigo y preste testimonio. 
subsidio,"Dinero dado por una entidad gubernamental para mantener un precio bajo. En programas de vivienda, un subsidio frecuentemente es dinero que se paga a un propietario como parte del alquiler de un inquilino."
sucesor,"Cualquier persona que tenga el derecho legal a recibir los bienes de una persona cuando fallece, ya sea porque así lo dice el testamento o el Código Testamentario."
suspensión,Suspensión o quedar suspendido quiere decir que no puede ir a la escuela o participar de sus actividades por hasta 90 días (en algunos estados).
inquilinato,"El derecho exclusivo del inquilino, creado por el acuerdo de alquiler entre el propietario y el inquilino, a usar y poseer la unidad de alquiler del propietario."
inquilino,Una persona que tiene el derecho legal de vivir en o usar una propiedad
testado,Una persona que fallece dejando un testamento.
testador,Una persona que ha escrito un testamento.
testimonio,Pruebas presentadas oralmente por testigos durante juicios o ante jurados de acusación.
fideicomiso,Un acuerdo por el cual se entregan uno o más bienes a alguien para que lo tenga o administre en beneficio de otra persona.
divorcio de común acuerdo,"Cuando el demandado no va a tratar de parar el proceso de divorcio y el tribunal no tiene asuntos que decidir sobre los hijos, dinero o bienes. "
influencia indebida,"La cantidad de presión que alguien usa para obligar a otra a firmar un testamento que distribuya los activos de una cierta manera, hacer una donación mientras esté con vida o firmar un contrato. "
retención ilícita,Cuando una persona retiene o no cede bienes inmuebles que ya no le pertenecen legalmente.
compañía de servicios públicos,"Una compañía que suministra gas, agua, servicios eléctricos, agua caliente y calefacción. En algunos estados el propietario tiene que pagar por los servicios públicos. "
contravención/violación,"No cumplir con un derecho, deber o ley."
embargo de sueldo,Un procedimiento legal fuera de la ley de quiebras por el cual un demandante o acreedor trata de sujetar su reclamo al sueldo futuro de un deudor.
testamento,Un documento legal que indica lo que una persona desea que se haga con sus bienes después de su muerte.
mandamiento de cumplimiento,Una orden judicial que permite a un alguacil desalojarlo a usted y sacar sus pertenencias de una propiedad y no dejarlo entrar más. 
mandamiento,"Una orden del tribunal mediante la que se instruye a una persona que tome, o deje de tomar, una medida en particular. "
