Word:,Definition:
sumario del fallo,Sumario del fallo de la corte.  Incluye cuanto dinero una parte debe a la otra y ordenes especificas del juez.  Se puede usar para crear un gravamen judicial si se archiva con el secretario del condado
resumen de título,"Un resumen de la titularidad de un inmueble que también incluye deudas relacionadas, tales como hipotecas, impuestos o embargos."
abuso de discreción,"Un tribunal superior puede revocar la decisión de un tribunal inferior si considera que su decisión fue completamente incorrecta, ilegal o hecha sin pruebas de apoyo."
cláusula para el vencimiento anticipado de una deuda,Una provisión en un contrato o pagaré que si ocurre algún evento especificado (como no hacer pagos a tiempo) entonces toda la cantidad del contrato o pagaré se debe.
cómplice,Una persona que ayuda a alguien a cometer un crimen. Puede ser a propósito o no.
acusado,La persona quien es acusada de un delito y tiene que comparecer ante la corte penal.
reconocer,"Decir, jurar, o afirmar a un notario público, funcionario u otro oficial que un documento con su firma fue de hecho firmado por usted."
certificar,"Decir, jurar, o afirmar a un notario público, funcionario u otro oficial que un documento con su firma fue de hecho firmado por usted."
padre reconocido,Persona reconocida como el padre de un niño.
absolución,Cuando un juez o jurado decide que la persona siendo juzgada no es culpable.
procesable,Una situación con suficientes hechos de apoyo para cumplir con los requisitos para presentar una demanda legítima.
justiciable,Una situación con suficientes hechos de apoyo para cumplir con los requisitos para presentar una demanda legítima.
daños efectivos,Dinero otorgado por la corte para compensar a una parte por pérdida o lesión.
ad litem,“Para esta demanda.” Viene del latín. Un tutor ad litem es una persona especial designada por la corte que ayuda a otra persona durante un juicio.
contrato de adhesión,Un contrato que es injusto y a favor de una parte sobre la otra. (Contrato de adhesión)
adjudicar,Cuando un  juez escucha y decide un caso.
adjudicación,La decisión del juez en un caso o acción.
recibimiento,Término utilizado para describir las pruebas que pueden ser consideradas por un jurado o un juez en casos civiles y penales.
admisible,Término utilizado para describir las pruebas que pueden ser consideradas por un jurado o un juez en casos civiles y penales.
evidencia admisible,Evidencia o pruebas que el juez puede permitir legalmente que se use en las cortes.
adoptar,Convertirse en el padre legal del hijo de otra persona.
adopción,La forma de hacer legal la relación entre un padre y un hijo cuando no son familiares por sangre.
padre adoptivo,Un adulto que cumpla con todos los requisitos para adoptar legalmente a un niño no biológico y que asuma todas las responsabilidades de un padre para ese niño.
directiva anticipada,Un documento legal que dice qué tipo de atención médica desea si usted se convierte en incapaz de hablar por sí mismo y a quien le autoriza a hablar por usted.
sistema adversario,"El sistema legal de juicios en los Estados Unidos y algunos otros países en los que cada una de las partes adversas (o ""adversarias"") tiene la oportunidad de presentar y establecer posiciones opuestas ante la corte."
testigo adversario o hostil,Una persona llamada a testificar por la parte adversaria en un juicio.
afidávit,"Una declaración escrita que se jura bajo juramento delante de una persona legalmente autorizada, como un juez o un notario público."
declaración jurada,"Una declaración escrita que se jura bajo juramento delante de una persona legalmente autorizada, como un juez o un notario público."
defensa afirmativa,"Cuando un acusado o una parte que responde a un caso civil tiene una razón que lo haría ""no culpable"" o no responsable y le da a la corte nuevas pruebas para demostrarlo. La parte tiene que probar lo que dice (llamada ""carga de la prueba""). La parte defensora del caso tiene que explicar esta defensa en su respuesta."
discriminación por edad,Tratar a un empleado o solicitante de empleo que tiene por lo menos 40 años de edad  menos favorablemente debido a su edad.
alibi,Una defensa alegada por el acusado que este estaba en otro lugar en el momento en que se cometió el delito.
alegato,Una declaración que no ha sido probada como verdadera o falsa.
alegación,Una declaración que no ha sido probada como verdadera o falsa.
alegar,"Decir, declarar o alegar que algo es verdadero aunque no esté probado todavía."
miembro del jurado,Un miembro del jurado seleccionado de la misma manera que un miembro regular que escucha todas las pruebas pero no ayuda a decidir el caso a menos de que se le pida que sustituya a un miembro regular del jurado.
solución alternativa de conflictos,Métodos de solucionar disputas sin procedimientos judiciales oficiales. Estos métodos incluyen la mediación y el arbitraje.
enmendar,Añadir o cambiar una reclamación o demanda que se haya presentado ante una corte.
modificar,Añadir o cambiar una reclamación o demanda que se haya presentado ante una corte.
reformar,Añadir o cambiar una reclamación o demanda que se haya presentado ante una corte.
petición enmendada,"Una queja, petición, o declaración actualizada que se presenta para corregir hechos, agregar nuevas reclamaciones o cambiar alguna otra parte de la queja original."
amicus curiae,"Alguien que da consejos a la corte sobre la ley en un caso, pero no es parte del caso. Es del latín para ""amigo de la corte""."
amigo del tribunal,"Alguien que da consejos a la corte sobre la ley en un caso, pero no es parte del caso. Es del latín para ""amigo de la corte""."
anulación,"Una acción legal por la cual se declara que su matrimonio nunca fue legalmente válido debido a trastornos mentales, incesto, bigamia, ser demasiado joven para consentir, fraude, fuerza o incapacidad física."
revocación,"Una acción legal por la cual se declara que su matrimonio nunca fue legalmente válido debido a trastornos mentales, incesto, bigamia, ser demasiado joven para consentir, fraude, fuerza o incapacidad física."
contestación a la demanda,Una respuesta oficial a los alegatos hechos en una demanda.
apelación,"Cuando alguien que pierde al menos parte de un caso recurre a un tribunal superior (llamado un ""tribunal de apelación"") para que revise la decisión y diga si es correcto."
comparencia,Una hora programada cuando las partes en un caso o sus abogados comparecen formalmente ante la corte.
apelante,La parte que apela la decisión de una corte.
recurrente,La parte que apela la decisión de una corte.
de apelación,"Tiene que ver con las apelaciones. Un tribunal de apelación puede revisar la decisión de un tribunal inferior (llamada ""tribunal de primera instancia"" o ""corte"")."
tribunal,Un tribunal que puede revisar cómo se usó la ley para decidir un caso en una corte inferior.
apelado,Una persona que contesta una apelación en un tribunal superior.
demandado,Una persona que contesta una apelación en un tribunal superior.
arbitraje,"Cuando una persona que no está involucrada en el caso mira la evidencia, escucha los argumentos y toma una decisión. El arbitraje suele ser una forma de resolver los casos sin hacer un caso judicial regular."
lectura de los cargos,"Cuando una persona acusada de cometer un delito (a) se lleva a la corte, (b) se informa sobre los cargos, y (c) se solicitada a declarar ""culpable"" o ""no culpable""."
atraso,"Manutención de hijos que está atrasado o sin pagar. Un padre que tiene atrasos es ""atrasado""."
retraso,"Manutención de hijos que está atrasado o sin pagar. Un padre que tiene atrasos es ""atrasado""."
empresa cesionaria,"Una persona o empresa que se pone en el lugar del acreedor original, como una empresa de cobros. Se puede asignar una sentencia a otra persona o negocio."
asignación de manutención,Cuando una persona que recibe asistencia pública (dinero del gobierno) se pone de acuerdo en darle al estado cualquier manutención de hijos que reciba en el futuro. La persona recibe dinero y otros beneficios del estado. Entonces el estado puede usar parte de la manutención de niños para pagar el costo de esa asistencia pública.
asilo,Un estado legal el cual a veces se concede a los extranjeros que llegan a los Estados Unidos pidiendo protección porque es peligroso para él / ella estar en su país de origen.
abogado que consta,El abogado cuyo nombre aparece en un expediente del caso como representante de alguien en el caso.
empleo a voluntad,"Una clase de empleo que permite que el empleado deje de fumar en cualquier momento y el empleador para despedir a un empleado en cualquier momento, excepto por razones legalmente protegidas, como la raza o la discapacidad."
garantía,"Un papel legal que usted compra de un fiador y da a la corte en lugar de fianza. El acusado lo firma y se deja ir. Pero si no comparece ante la corte cuando se debe,  tiene que pagar la cantidad de dinero en la garantía."
alguacil,Una persona que está encargada de la seguridad en la corte.
agente judicial,Una persona que está encargada de la seguridad en la corte.
gravamen por el banco,"Manera de hacerle cumplir a alguien que debe dinero con una sentencia. El dinero se toma de su cuenta de cheques o de ahorros en un banco, asociación de ahorros y préstamos, institución de ahorro o unión de crédito."
juicio por juez,Juicio sin jurado. El juez decide el caso.
orden judicial de arresto,"Una orden del juez (o ""corte"") para arrestar a una persona."
beneficiario,"Una persona u organización con derecho a recibir beneficios, por ejemplo de un testamento, póliza de seguro de vida, o agencia pública."
beneficio,"Pagos o productos de un programa gubernamental, como de Seguridad Social, compensación de trabajadores o desempleo."
el mejor interés del niño,"El estándar que usan las cortes para decidir quién va a cuidar al niño. Algunos de los factores que las cortes consideran son: la edad del niño, la salud del niño, los lazos emocionales entre los padres y el niño, la capacidad de los padres para cuidar al niño y los lazos del niño con la escuela, el hogar , y la comunidad."
de buena fe,"Sincero, verdadero, sin fraude ni engaño. Viene del latín para ""de buena fe""."
violación,Violación de una obligación o deber legal.
inclumplimiento,Violación de una obligación o deber legal.
prueba de aliento,Prueba del aliento de alguien para ver la cantidad de alcohol que está en su sangre.
carga probatoria,Cuando una parte en el caso tiene la responsabilidad de dar más pruebas que la otra persona.
carga de la prueba,Cuando una parte en el caso tiene la responsabilidad de dar más pruebas que la otra persona.
robo,"Cuando alguien asalta o entra en un edificio o casa ilegalmente, y tiene la intención de cometer o comete un robo u otro crimen grave."
delito capital,Un delito castigado con la pena de muerte.
caso,Una demanda o disputa que se procesa en una corte o por un método de resolución similar.
expediente del caso,Una colección completa de cada documento archivado con la corte en un caso.
jurisprudencia,Ley adoptada por los jueces en decisiones anteriores en casos similares.
precedente,Ley adoptada por los jueces en decisiones anteriores en casos similares.
derecho a iniciar una demanda,"Las demandas (o ""acusaciones"") que componen el caso o petición."
que el comprador se cuide,"Una teoría que dice que se compran cosas a su propio riesgo. Viene del latín ""que el comprador tenga cuidado."""
copia certificada,"Una copia oficial de un documento del expediente de un caso que tiene un sello de ser copia verdadera, completa y autética del documento original."
recusación fundamentada,Razones que un abogado da para retirar a un miembro del jurado o un juez de un caso.
despacho del juez,El despacho de un juez. También suele ser donde trabajan los secretarios del juez.
cambio de jurisdicción,Cuando un caso civil o penal pasa de una jurisdicción a otra.
bien mueble,"Bienes muebles. Ropa, televisores y autos son bienes muebles. Chattel no incluye una casa o terreno."
maltrato infantil,"Herir a un niño físicamente, sexualmente o emocionalmente."
defensor del niño,Alguien nombrado por el juez para ayudar a un niño en un caso judicial. La persona nombrada puede ser un experto en bienestar infantil o un abogado.
custodia de menores,Los derechos y responsabilidades entre los padres para sus hijos. Un plan de crianza debe describir la custodia legal y custodia física que son en el mejor interés de los niños. Este término también se utiliza a menudo para describir con quién viven los niños.
evaluación para la custodia de menores,"Una investigación sobre la salud, la seguridad y el bienestar de los niños, generalmente en un caso de custodia o visitación."
Child Protective Services (Servicios de Protección de Menores),"Una agencia estatal que investiga reportes de abuso y negligencia infantil. Si CPS encuentra abuso o negligencia, abre un caso de protección infantil, y un trabajador social hace un plan para ayudar a la familia."
manutención o sostenimiento de hijos,"Dinero pagado por el padre que no tiene custodia para ayudar a mantener a un niño. La manutención de los hijos también puede incluir otros gastos, como pagar para mantener el seguro de salud para el niño."
citación,Una orden judicial o citación que enumera los cargos y le dice a un acusado que acuda a la corte y/o ponga fianza.
acción civil,Un procedimiento legal en el que una persona (demandante) demanda a otro (demandado) que le ha causado daño o pérdida. El demandante solicita una indemnización del demandado por su pérdida.
procedimiento civil,"Las reglas en las leyes estatales (generalmente del Código de Procedimiento Civil) y federales (Código Federal de Procedimientos) que especifican el formato y el proceso de los juicios civiles. El procedimiento civil sólo trata la forma y el procedimiento, no la ley sustantiva que da a la gente el derecho de demandar o defender una demanda."
derechos civiles,"Los derechos garantizados por la Declaración de Derechos de los Estados Unidos, las enmiendas 13 y 14 de la Constitución de los Estados Unidos, incluso el derecho al proceso debido, igualdad de trato bajo la ley de todas las personas en cuanto al disfrute de la vida, la libertad, la propiedad y la protección."
demanda colectiva,Una demanda en la cual uno o más miembros de un gran grupo o clase de individuos u otras entidades demandan en nombre de toda la clase.
título absoluto,Ownership of property that is not disputed. Clear title is needed before property can be sold.
anexo,Un documento legal que añade algo a o cambia un testamento.
codificar,El proceso de ordenar y etiquetar un sistema de leyes.
garantía,Propiedad que se promete como garantía para la satisfacción de una deuda.
impedimento colateral por sentencia,Una doctrina legal que dice que una sentencia en un caso impide que las personas en ese caso demanden por los mismos asuntos en un caso siguiente. Protege a los demandados de ser demandado por el mismo problema  más de una vez.
derecho común,"El sistema legal que se originó en Inglaterra y que ahora está en uso en los Estados Unidos, que se basa en la articulación de los principios jurídicos en una sucesión histórica de decisiones judiciales."
bienes matrimoniales o conyugales,"Propiedad de la comunidad es todo lo que los cónyuges poseen juntos. En la mayoría de los casos, incluye todos los bienes y ganancias adquiridos durante el matrimonio, excepto los bienes recibidos por herencia, donación o como los beneficios de una propiedad separada que pertenecía a un cónyuge antes del matrimonio."
pena de trabajo en beneficio de la comunidad,Una condición especial que la corte impone que requiere que un individuo trabaje sin paga por una organización cívica o sin fines de lucro.
compensación monetaria correspondiente ,"Dinero que una persona debe pagar otra para cubrir el costo de una lesión o daño, como una compensación por los salarios perdidos."
accionante,"The person or group who starts a case against another person. In a civil case, the complainant is the plaintiff. In a criminal case, the complainant is the state."
demandante,"The person or group who starts a case against another person. In a civil case, the complainant is the plaintiff. In a criminal case, the complainant is the state."
demanda,"La primera declaración escrita en una demanda, en la que las demandas del demandante contra el demandado se enumeran. También se llama el ""pleito inicial"" o ""petición"". Una queja también se utiliza para iniciar un caso penal."
acción,"La primera declaración escrita en una demanda, en la que las demandas del demandante contra el demandado se enumeran. También se llama el ""pleito inicial"" o ""petición"". Una queja también se utiliza para iniciar un caso penal."
pena concurrente,"Las penas de dos o más delitos deben ser servidas al mismo tiempo, en lugar de una tras otra."
consanguinidad,"Un término que se refiere al parentesco de parientes de sangre, es decir, personas que tienen un antepasado común. La consanguinidad existe, por ejemplo, entre hermanos y hermanas, pero no entre esposos y esposas."
pena acumulada,Las penas de dos o más delitos deben servirse una tras otra.
consentir,Acuerdo voluntario por parte de una persona competente.
uno que tiene custodia,"Alguien aprobado por una corte para cuidar de otra persona que no puede cuidarse a sí mismo. En corte familiar, Texas usa un concepto legal llamado “conservatorship (""curaduría"") (en lugar de ""custodia física y legal"" como muchos otros estados) para referirse a la gente, generalmente los padres, a quienes una corte da el derecho de tomar decisiones sobre criar al niño."
conservatorship,"Texas usa un concepto legal llamado “conservatorship (""curaduría"") (en lugar de ""custodia física y legal"" como muchos otros estados) para referirse a la gente, generalmente los padres, a quienes una corte da el derecho de tomar decisiones sobre criar al niño."
curaduría,"Texas usa un concepto legal llamado “conservatorship (""curaduría"") (en lugar de ""custodia física y legal"" como muchos otros estados) para referirse a la gente, generalmente los padres, a quienes una corte da el derecho de tomar decisiones sobre criar al niño."
consignar,"Dar bienes a otro para vender; los beneficios de la venta se dividen generalmente entre el vendedor y el propietario original, o dar a la custodia o cuidado de otro."
consignatorio,"Una persona o negocio a quien se consigna algo, típicamente mercancías para la venta o entrega."
venta a consignación,"El acto de consignar los bienes a una persona o negocio que los venderá para usted ( y cobrar una comisión o comisión por hacerlo), y devolver los bienes si no se venden."
consolidación de acciones o de demandas,Cuando se agrupan dos o más casos que involucran a las mismas personas.
Constitución,"Se refiere generalmente a la Constitución de los Estados Unidos, el documento fundamental que establece el sistema legal central de nuestro país, incluyendo el carácter y organización de su poder y cómo se ejerce ese poder."
enmienda a la constitución,"Un cambio a la Constitución de los Estados Unidos que por lo general comienza como una resolución conjunta en el Congreso. Para que surta efecto, debe ser aprobado por dos tercios de los votos de la Cámara y el Senado, y luego ser aprobado por las tres cuartas partes de las legislaturas estatales."
derechos constitucionales,"Derechos otorgados o disponibles a las personas por la Constitución de los Estados Unidos y, en particular, la Declaración de Derechos."
renuncia forzada,Cuando un empleado deja un trabajo porque las condiciones de trabajo eran tan intolerables que una persona razonable en la misma situación también renunciaría el trabajo.
desahucio o desalojo forzado,"Cuando un propietario provee vivienda que es de calidad tan inferior que él/ella ha desalojado efectivamente al inquilino sin seguir los procedimientos de desalojo. Por ejemplo, si el propietario se niega a proporcionar calefacción o agua o se niega a limpiar un riesgo ambiental para la salud, el inquilino tiene el derecho de mudarse y dejar de pagar el alquiler, y no puede ser considerado responsable por romper el contrato de arrendamiento."
desacato,Ignorar o desobedecer una orden judicial a propósito. El desacato de la corte puede ser castigado con una multa y/ o cárcel.
impugnar,"Oponerse, impugnar o disputar mediante un procedimiento formal o legal. Por ejemplo, un acusado en un divorcio puede impugnar las peticiones del demandante."
impugnado,Un caso es disputado cuando las partes no están de acuerdo entre sí sobre lo que debería suceder.
audiencia disputada,"Si no hay un acuerdo entre las personas en el caso, puede haber una audiencia, llamado audiencia impugnada."
pago por comisión,Honorario que se paga a un abogado sólo si hay un resultado exitoso.
prórroga,"Posponer un caso judicial a una fecha posterior. Algunos estados han aprobado reglas de ""vía rápida"" que limitan  la capacidad de los jueces para aprobar estos aplazamientos."
jurisdición exclusiva continua,"Basándose en la suposición de que sólo debe haber una orden de manutención de hijos válida a la vez, la jurisdicción exclusiva continua permite a una corte controlar la orden de manutención de menores existente ante dicha corte hasta que otra corte la retire."
contrato,Un acuerdo entre 2 o más personas u organizaciones para hacer o no hacer una cosa en particular.
negligencia contribuyente,"Cuando una persona es perjudicada por su propia negligencia, es posible que no pueda recaudar dinero por su lesión si su propia negligencia es significativa (varía según la jurisdicción)."
condena,Una sentencia de culpabilidad contra un acusado criminal.
avalar,"Firmar un documento, como un préstamo o arrendamiento, con otra persona para compartir la responsabilidad de la obligación."
cofirmante,"Una persona que firma un contrato de préstamo, un contrato de arrendamiento u otro documento para indicar que será totalmente responsable del préstamo o deuda especificada si el firmante primario no paga. Muchas personas necesitan un cofirmante (aval) para calificar para un préstamo o tarjeta de crédito. Los propietarios pueden requerir un cofirmante (aval) cuando alquilan a un estudiante."
tenencia compartida,Cuando dos o más personas son inquilinos legales de la misma propiedad al mismo tiempo.
inquilinos que alquilan el mismo sitio,"Dos o más inquilinos que alquilan o arriendan la misma propiedad bajo el mismo acuerdo. Cada inquilino es 100% responsable (también llamado responsabilidad solidaria) por cumplir con el contrato de alquiler, incluyendo el pago del alquiler completo y por pagar cualquier daño causado por cualquiera de los inquilinos. Si un inquilino viola el arriendo, el propietario puede desahuciar todos ellos."
abogado del caso,Asesoría legal; Un término también utilizado para referirse a los abogados en un caso.
asesoramiento,Asesoría legal; Un término también utilizado para referirse a los abogados en un caso.
contrademanda,Una demanda legal independiente por una parte en un caso que va en contra de la reclamación hecha por la otra parte.
corte,"Un juez o grupo de jueces cuyo trabajo es escuchar casos y llevar a cabo la justicia. Los jueces a veces utilizan ""corte"" para referirse a sí mismos en la tercera persona, como en ""la corte ha leído los escritos""."
costas de corte,"Las tarifas cobradas por el uso de los servicios de una corte, tales como las tarifas de presentación, las tarifas por entregar los papeles de la corte, las tarifas para pagar al taquígrafo para transcribir testimonio extrajudicial, fotocopiar documentos de la corte, etc."
fallo de corte,"Una decisión legal hecha por una corte que ordena o manda que algo se haga o no se haga. Puede ser hecho por un juez, administrador, árbitro de corte o magistrado."
taquigrafo de la corte,"Una persona que hace un registro de palabra por palabra de lo que se dice en la corte, por lo general mediante una máquina de estenografía, taquigrafía o grabación de audio, y luego produce una transcripción de los procedimientos a pedido."
informe de credito,"Un resumen escrito del historial de crédito de un consumidor preparado por una agencia de informes de crédito. Los informes de crédito generalmente incluyen información sobre préstamos, tarjetas de crédito y otras facturas y cuentas, así como un registro de las direcciones del consumidor y los empleadores. Para obtener y utilizar el informe de crédito de un consumidor, una empresa debe seguir los procedimientos de la Fair Credit Reporting Act  (Ley de Informes de Crédito Justos)."
acreedor,Una persona a quien o una empresa al cual el deudor debe dinero o que reclama que el deudor le deba dinero.
contrainterrogación,El testimonio que da un testigo cuando el abogado de la otra parte está interrogando al testigo.
remedio,"Corregir una violación o un defecto. Por ejemplo, la notificación de un propietario al inquilino a remediar o desalojarse da cierto tiempo para curar una infracción de arrendamiento antes de que el propietario comience un caso de desalojo."
interferencia con custodia,"Quitar a un niño de un padre o interferir con la custodia física del niño. Esto es un crimen en la mayoría de los estados, incluso si el tomador también tiene derechos de custodia."
padre o madre que tiene custodia,"El padre que tiene el cuidado, custodia y control único o primario de un niño."
orden de custodia,"Una orden judicial que dice con quién vivirá un niño, quién debe tomar decisiones sobre el bienestar del niño y si alguien más tiene el derecho de visitas con el niño."
de hecho,"Del latín, que significa ""de hecho"" o ""en realidad"".  Algo que existe de hecho pero no es una cuestión de ley."
legal,"Del latín, significa ""en la ley"". Algo que existe por aplicación de la ley."
de nuevo,"Del latín, significa ""de nuevo"". Un juicio de novo es un juicio completamente nuevo. La revisión judicial de novo por el tribunal no implica deferencia a la decisión del juez de primera instancia."
defunto,"En el derecho penal, significa un víctima de asesinato; en la ley de sucesiones, significa una persona muerta."
sentencia declarativa,"Declaración de un juez sobre los derechos de alguien. Por ejemplo, un demandante puede pedir al tribunal una sentencia declaratoria de que una ley particular viola algún derecho constitucional."
decreto o fallo,La orden final de una corte que resuelve todos los conflictos en un caso. Este término se utiliza a menudo en los casos de sucesión y divorcio.
escritura o título de propiedad,Un documento legal que traspasa bienes raíces y se registra en los registros locales de inmuebles.
incomparencia del demandado,"Si el demandado en un caso civil recibe un aviso legal, pero no presenta una respuesta en la corte antes de la fecha límite y no va a la audiencia de la corte, está ""incumplido"". Cuando esto sucede, la corte puede decidir el caso sin la participación del demandado."
sentencia en rebeldía,Una sentencia que otorga a un demandante la compensación solicitada en la queja porque el demandado no ha comparecido ante la corte o de otra manera responder a la queja.
demandado o acusado,Una persona (o negocio) contra quien se presenta una demanda.
carta de demanda o de reclamación,Un documento escrito que pide compensación o acción para resolver una disputa. A menudo es el primer paso en un desacuerdo legal.
negación,"Una declaración de un demandado que una alegación (declaración de hecho) no es cierto. Cuando un demandado en una demanda civil presenta una respuesta a la queja de un demandante, el demandado se limita a tres opciones: admitir, negar o negar las acusaciones basándose en que no tiene información para afirmarlas o negarlas. Si un demandado niega todas las alegaciones, se denomina negación general. La respuesta del demandado también puede incluir defensas afirmativas."
declaración jurada,"Una declaración oral hecha ante un oficial autorizado por la ley para administrar juramentos. Tales declaraciones se toman a menudo para examinar testigos potenciales, para obtener el descubrimiento, o para usarse más adelante en el juicio. Ver descubrimiento."
legar,"Un término legal antiguo que se refiere a bienes raíces dejados a alguien bajo los términos de un testamento, o al acto de dejar dichos bienes inmuebles. En algunos estados, legar se refiere a cualquier tipo de propiedad dejada por un testamento."
heredero,Una persona que recibe un regalo de bienes inmuebles por un testamento.
incapacidad legal,"Una condición mental deteriorada, causada por enfermedad, trauma o intoxicación. En algunos estados, los acusados pueden usar capacidad disminuida como defensa contra cargos criminales. No es lo mismo que la locura."
interrogatorio directo,"En el juicio, el interrogatorio inicial de un testigo por el abogado de la parte que pidió el testimonio del testigo."
incapacidad,Un impedimento físico o mental que limita sustancialmente una o más actividades importantes de la vida.
invalidez,Un impedimento físico o mental que limita sustancialmente una o más actividades importantes de la vida.
subsidio de invalidez,Dinero disponible de la Seguridad Social para beneficiar a los trabajadores con una discapacidad. Los beneficios son casi iguales que los beneficios de jubilación de la Seguridad Social.
descubrimiento de pruebas,"Juntar información (hechos, documentos o testimonio) antes de que hay un juicio en un caso a través de deposiciones, interrogatorios, solicitudes de admisión, o hablando con el abogado de la otra parte."
discriminación,"Tratamiento injusto en el trabajo debido a cualquier característica o actividad que tenga protección legal (como edad, raza, género, etc.)."
denegación con pérdida de derecho a nuevo juicio,Acción judicial que impide la presentación de una demanda idéntica más adelante.
denegación sin pérdida de derecho a nuevo juicio,Acción judicial que permite la presentación de una demanda idéntica posteriormente.
trato desigual,"Cuando un individuo, debido a una característica o actividad legalmente protegida, es tratado de manera diferente que otra persona."
opinión en contra,Desacuerdo explícito de uno o más jueces de un tribunal con la decisión de la mayoría de los jueces.
disolución,Terminar un matrimonio o un negocio
divorcio,Una terminación legal o fin de un matrimonio.
listado de litigios para un periodo,Un registro que contiene la historia completa de cada caso en forma de breves entradas cronológicas resumiendo los procedimientos judiciales.
número del listado de casos,Número designado asignado a cada caso presentado en una corte en particular.
violencia doméstica,"Abuso o amenazas de abuso entre dos personas que tienen o tuvieron una relación íntima (casada, pareja doméstica, pareja o pareja previa, viven o vivían  juntos, o tienen un hijo juntos)."
violencia de genero,"Abuso o amenazas de abuso entre dos personas que tienen o tuvieron una relación íntima (casada, pareja doméstica, pareja o pareja previa, viven o vivían  juntos, o tienen un hijo juntos)."
diligencia debida,Cuidado o atención a un asunto que se considera suficiente para evitar una acusación de negligencia.
juicio justo,"Se refiere al respeto por los derechos legales de una persona y la protección contra la negación arbitraria de la vida, la libertad o la propiedad. Se basa en enmiendas a la Constitución de los Estados Unidos que garantizan que todas las personas sean tratadas de acuerdo a la ley del país, incluyendo el derecho a ser representado por un abogado y el derecho a procedimientos judiciales rápidos, justos e imparciales."
debido proceso,"Se refiere al respeto por los derechos legales de una persona y la protección contra la negación arbitraria de la vida, la libertad o la propiedad. Se basa en enmiendas a la Constitución de los Estados Unidos que garantizan que todas las personas sean tratadas de acuerdo con la ley del país, incluyendo el derecho a ser representado por un abogado y el derecho a procedimientos judiciales rápidos, justos e imparciales."
emancipación,La emancipación es cuando un padre abandona el control sobre un niño menor. Algunos estados permiten a un niño demandar para que un juez declare al niño emancipado.
tribunal en pleno,"Del francés que significa ""en el banco""."
Equal Employment Opportunity Commission (Comisión para Oportunidades Iguales de Empleo,"La agencia federal que hace cumplir las leyes federales que prohíben la discriminación contra un solicitante o empleado por razones de raza, color, religión, sexo (incluyendo embarazo), origen nacional, edad (40 años o más), discapacidad o información genética."
equitativo,"Perteneciente a las demandas civiles en ""equidad"" y no en ""ley"". En la historia jurídica inglesa, los tribunales de ""ley"" podían ordenar el pago de daños y no podían ordenar otro recurso."
patrimonio,"El patrimonio es la propiedad total, los bienes muebles e inmuebles, que pertenecen a una persona antes de que se distribuyan en un testamento."
planificación patrimonial,"Un proceso por el cual un individuo (o familia) se organiza para la transferencia de activos al morir. El objetivo de un plan de sucesión es mantener la máxima cantidad de riqueza posible para los beneficiarios previstos, así como la flexibilidad para el individuo antes de su muerte."
impedimiento,Un principio legal que impide que una persona afirme o niegue algo en la corte que contradiga lo que ya ha sido establecido como la verdad.
desahucio,Hacer que alguien abandone un edificio o terreno. El desalojo legal más común es un caso judicial en el que el propietario pide a un juez que ordene la salida de un inquilino.
evicción,Hacer que alguien abandone un edificio o terreno. El desalojo legal más común es un caso judicial en el que el propietario pide a un juez que ordene la salida de un inquilino.
desalojo,Hacer que alguien abandone un edificio o terreno. El desalojo legal más común es un caso judicial en el que el propietario pide a un juez que ordene la salida de un inquilino.
audiencia de una de las partes,"Un procedimiento presentado ante una corte por solo una parte, sin previo aviso a o impugnación por la otra parte."
norma de exclusión,Doctrina que pone que las pruebas obtenidas en violación de los derechos constitucionales o estatutarios de un acusado no son admisibles en el juicio.
cláusula exculpatoria,Disposición o cláusula que excusa a alguien de responsabilidad.
prueba exclupatoria,Pruebas que indican que un acusado no cometió el crimen.
contrato incumplido parcialmente,Contratos o arrendamientos bajo los cuales a ambas partes al acuerdo les quedan deberes pendientes de realizar.
expectativa,"La posibilidad de hacerse dueño de propiedad en el futuro, que, por lo general, se refiere a bienes raíces o la herencia de una persona fallecida."
valor justo de mercado,La cantidad por la cual un artículo puede venderse en el mercado libre por un vendedor dispuesto a un comprador dispuesto.
corte familiar,"Una corte que decide casos relacionados con el derecho de familia, como la custodia de los hijos."
derecho de la familia,"Rama de derecho que resuelve las relaciones familiares, incluyendo el divorcio, la adopción, la paternidad, la custodia y la manutención."
defensor público federal,Un abogado empleado a tiempo completo por los tribunales federales para proporcionar defensa legal a los acusados que no pueden pagar un abogado.
organísmo de defensores públicos federales,"De acuerdo con lo establecido en la Criminal Justice Act (Ley de Justicia Penal), una organización establecida dentro de un circuito judicial federal para representar a los acusados que no pueden permitirse una defensa adecuada."
jurisdicción federal de competencia,"Jurisdicción otorgada a los tribunales federales en los casos suponiendo la interpretación y aplicación de la Constitución de los Estados Unidos, los actos del Congreso y los tratados."
exención de pago,Permiso para no pagar las costas de la corte. Las personas con ingresos muy bajos pueden pedir al secretario de la corte un formulario para exención de costas.
delito mayor,"Un delito grave, normalmente con una pena de al menos un año de prisión."
felonía,"Un delito grave, normalmente con una pena de al menos un año de prisión."
decreto final,Una sentencia final en un caso judicial.
decisión o determinación,Cuando un oficial de la corte o un jurado dice que algo es un hecho.
ejecución hipotecaria,El proceso legal que utiliza un acreedor hipotecario para tomar posesión de la propiedad cuando el deudor hipotecario no ha hecho los pagos de la hipoteca. Los bancos utilizan la ejecución hipotecaria para sacar a los deudores hipotecarios de sus hogares.
niño en acogida,Un niño colocado por una agencia gubernamental o una corte en el cuidado de alguien que no sea los padres naturales del niño. Estos niños pueden sacarse de su hogar familiar debido al abuso o el descuido de los padres.
un padre o una madre de acogida,Un adulto que se encarga del cuidado de un niño que ha sido colocado en el sistema de acogida temporal porque el niño ya no puede vivir con su propia familia.
embargo de bienes,Un procedimiento mediante el cual la corte hace que se encaute la cuenta bancaria del demandado y que el dinero se pague al demandante para cumplir con la sentencia.
embargo del salario,Un procedimiento mediante el cual una parte del salario del acusado se descuenta regularmente y se paga al demandante para satisfacer una sentencia.
comparencia general,"La primera vez que un abogado comparece en la corte para un cliente. Después de su compariencia general, el abogado es responsable de todas las comparencias futuras en la corte, a menos que envíe un abogado sustituto o sea despedido por el cliente."
contestación general a una demanda negando los hechos de la demanda,"Una respuesta a una demanda o declaración, en la que el demandado niega todo lo alegado en la queja sin negar específicamente cualquier alegación."
buena fe,Esfuerzo sincero para hacer algo sin la intención de defraudar a alguien.
gran jurado,Un organismo de ciudadanos que escuchan la evidencia de las acusaciones criminales que se presentan por los fiscales y determinan si hay prueba suficiente para creer que una persona cometió un delito.
ingresos brutos o renta bruta,"Los ingresos totales de una persona o negocio de todas las fuentes, antes de restar ajustes, exenciones o deducciones permitidos por la ley tributaria."
bases legales por el divorcio,"La base jurídica del divorcio. La ley establece las circunstancias específicas en virtud de las cuales se concederá el divorcio. Antes de que el tribunal conceda un divorcio, la persona que solicita el divorcio debe probar que existen estas condiciones."
tutor   ,Una persona que ha sido nombrada por un juez para cuidar a un niño o adulto incompetente.
tutor o defensor ad litem,Un adulto designado por la corte que representa a un menor de edad o persona legalmente incompetente.
tutela,"Una relación legal creada por una corte entre un tutor y un pupilo, ya sea un menor de edad o un adulto incapacitado."
habeas corpus,"Del latín, que significa ""tienes el cuerpo"". Una orden de habeas corpus generalmente es una orden judicial que obliga a las autoridades policiales a producir un prisionero que poseen, y justificar el confinamiento continuado del prisionero."
de oidas,"Evidencia presentada por un testigo que no vio ni oyó el incidente en cuestión, pero lo oyó de otra persona. Con algunas excepciones, los rumores en general no son admisibles como pruebas en el juicio."
heredero,"El que adquiere bienes por la muerte de otro, basado en las reglas de descendencia y distribución o por los términos del testamento."
un tenedor que tetiene la tenencia de un inmueble por más tiempo al cual tiene derecho,"Un arrendatario que continúa ocupando una residencia después de que la vigencia del contrato de arrendamiento o alquiler haya caducado, y sin el consentimiento del propietario. Para quitar a ese tipo de inquilino, el propietario debe darle al inquilino un aviso para salir (dejar la residencia). Si el inquilino no se va, el propietario debe acudir a las cortes y presentar una demanda de desalojo."
testamento ológrafo,Un testamento escrito a mano.
vivienda o casa,"La casa donde vive una familia, además de cualquier terreno contiguo y otros edificios en ese terreno."
libre de embargo por acreedores,"Una protección legal del hogar de una persona contra la incautación de los acreedores. Algunos estados eximen la residencia principal completamente del reembolso de deudas, otros estados eximen la residencia principal solamente si está bajo cierto tamaño, y otros estados eximen solamente una cantidad determinada del patrimonio neto de los dueños de la residencia principal."
trata de personas,"Reclutamiento de, transporte de, toma de o quedarse con personas por algún beneficio, incluyendo trabajo forzado o explotación sexual."
ICE - agentes de aduana y migración de los Estados Unidos,"Una abreviatura de U.S. Immigration and Customs Enforcement, una agencia del Departamento de Seguridad Nacional. La misión de ICE es promover la seguridad nacional y la seguridad pública a través de la aplicación penal y civil de las leyes federales que rigen el control fronterizo, las aduanas, el comercio y la inmigración."
robo de identidad,La toma o el uso ilícitos de la información de identidad de otra persona con el propósito de fraude u otra actividad criminal.
descrédito,El proceso de poner en duda el testimonio de un testigo.
despacho del juez,"Del latín, lo que significa en las cámaras de un juez. A menudo significa fuera de la presencia de un jurado y el público. En privado."
en lugar de los padres,"Literalmente significa ""en lugar de un padre"". Es un término usado para alguien que está actuando en lugar de un padre."
a propósito de,Con respecto a
acusación por gran jurado,El cargo formal decidido por un gran jurado que indica que hay suficiente evidencia de que el acusado cometió el crimen para justificar tener un juicio; Se utiliza principalmente para delitos graves.
herencia,Todo lo que uno recibe por la muerte de un pariente debido a las leyes de descendencia y distribución o según los términos del testamento.
prohibición judicial,"Una orden judicial que impida que una o más partes nombradas tomen alguna acción. A menudo se emite una orden judicial preliminar para permitir la determinación de hechos, por lo que un juez puede determinar si se justifica una orden judicial permanente."
embargo,"Una orden judicial que impida que una o más partes nombradas tomen alguna acción. A menudo se emite una orden judicial preliminar para permitir la determinación de hechos, por lo que un juez puede determinar si se justifica una orden judicial permanente."
listado de preguntas en un pleito,Una forma de descubrimiento que consta de preguntas escritas que deben ser contestadas por escrito y bajo juramento.
intestado,Cuando una persona muere sin dejar un testamento válido.
administración compartida,Un mecanismo aprobado por la corte en virtud del cual dos o más casos pueden ser procesados de manera conjunta.
algo de dos o más partes,"Se refiere a una deuda en la que cada deudor es responsable de la cantidad total de la deuda o juicio. Si uno de los deudores paga la deuda entera, puede demandar al otro deudor a pagar su parte de la deuda."
custodia compartida,"Una orden judicial que otorga a ambos padres la custodia legal y/o física de un niño. Bajo la ley de Texas, ""joint managing conservatorship” (“la administración conjunta de la curaduría"") se considera el arreglo de crianza de niños que es en el mejor interés de los niños. Los curadores comparten la mayoría de los poderes de toma de decisiones para sus hijos; y por lo general un curador paga manutención y tiene períodos de visitación."
responsabilitdad solidaria,"Cuando dos o más personas son responsables de una deuda, reclamación o sentencia. Cada persona es obligada a pagar la cantidad entera."
sentencia,La decisión oficial de una corte sobre una disputa.
fallo,La decisión oficial de una corte sobre una disputa.
acreedor por fallo,Una persona o entidad que gana una demanda y como resultado la otra parte le debe dinero.
sentencia a pesar del veredicto del jurado,Revocación del veredicto de un jurado por un juez.
jurisdicción,"La autoridad legal de una corte a escuchar y decidir cierto tipo de caso. También se utiliza como sinónimo de lugar, es decir, el área geográfica sobre la cual la corte tiene jurisdicción territorial para decidir casos."
jurisprudencia,El estudio del derecho y la estructura del sistema jurídico.
instrucciones al jurado,Las instrucciones de un juez al jurado antes de que comiencen las deliberaciones con respecto a las preguntas sobre los hechos que el jurado debe contestar y las reglas legales que deben aplicar.
juez de paz,Un funcionario que decide asuntos legales menores.
seña para un contrato,"El símbolo abreviado de ""contrato"" utilizado por abogados y estudiantes de derecho."
propietario,"Una persona que alquila un terreno, un edificio o un apartamento a un inquilino."
arrendador,"Una persona que alquila un terreno, un edificio o un apartamento a un inquilino."
dueño,"Una persona que alquila un terreno, un edificio o un apartamento a un inquilino."
bufete,Una empresa formada por uno o más abogados para dedicarse a la práctica de la ley.
residente legal permanente,Una persona que no es ciudadano estadounidense a quien se le ha dado permiso a vivir y trabajar legalmente en los EE.UU.
pleito,Una acción legal iniciada por un demandante contra un demandado basada en una queja de que el demandado no cumplió con un deber legal que resultó en daño al demandante.
acción,Una acción legal iniciada por un demandante contra un demandado basada en una queja de que el demandado no cumplió con un deber legal que resultó en daño al demandante.
litigio,Una acción legal iniciada por un demandante contra un demandado basada en una queja de que el demandado no cumplió con un deber legal que resultó en daño al demandante.
arrendamiento,"Un acuerdo verbal o escrito, expreso o implícito, que crea una relación arrendador-inquilino."
contrato de arrendamiento,"Un acuerdo verbal o escrito, expreso o implícito, que crea una relación arrendador-inquilino."
contrato de renta con opción de compra,"Un contrato de arrendamiento que contiene una cláusula que otorga al inquilino cierto poder, ya sea cualificado o no cualificado, a comprar el interés del propietario en la propiedad."
entorno con las mínimas restricciones posibles,"Un requisito que los estudiantes de educación especial deben ser colocados en aulas regulares siempre que sea posible, mientras que todavía se satisfacen sus necesidades educativas especiales."
asistencia legal,Servicios legales gratuitos o de bajo costo para personas de bajos ingresos.
arrendatario,El arrendatario de la propiedad (el inquilino).
inquilino,El arrendatario de la propiedad (el inquilino).
arrendador,El propietario de la propiedad (su arrendador).
carta de administraciòn,El documento que designa a un administrador de la herencia dejada por una persona que murió sin un testamento.
"lesbianas, homosexuales, bisexuales y transgéneros","Una abreviatura para personas o grupos de Lesbianas, Gays, Bisexuales y Transexuales."
responsabilidad,Responsabilidad legal por sus actos u omisiones.
obligación,Responsabilidad legal por sus actos u omisiones.
gravamen,Un derecho de retención contra un bien que puede ser usado para pagar una deuda.
derecho a la propiedad por la vida,Alguien que tiene derecho a la propiedad durante su vida.
indeminzación de daños y perjuicios pactada en un contrato,Una suma específica de dinero a la cual las partes hayan acordado en un contrato de arrendamiento (u otro contrato) como la cantidad de los daños y perjuicios que se deben pagar por la parte que viola el acuerdo.
liquidación,La venta de la propiedad de un deudor con las ganancias utilizadas en beneficio de los acreedores.
litigante,"Cualquier parte en una demanda. No incluye ni al juez, ni los testigos ni los abogados."
pleiteador,"Cualquier parte en una demanda. No incluye ni al juez, ni los testigos ni los abogados."
pleitear,Llevar a cabo o participar en una demanda.
litigar,Llevar a cabo o participar en una demanda.
litigio,"Un caso, controversia, o pleito. Los participantes (demandantes y demandados) en los juicios se llaman litigantes."
testamento vital,"Un testamento vital normalmente declara que si usted está enfermo de manera terminal, los procedimientos para la demora de la muerte no se usarán para prolongar su vida. También puede autorizar a una persona a tomar decisiones de cuidado de salud para usted si está descapacita."
jurisdicción extra-territorial,Una disposición legal que permite a un estado reclamar jurisdicción personal sobre alguien que vive en otro estado si existe una conexión significativa.
magistrado,"Un funcionario judicial de una corte de distrito que lleva a cabo procedimientos iniciales en casos penales, decide casos de delitos menores, dirige muchos asuntos civiles y penales antes del juicio en nombre de jueces de distrito y decide casos civiles con el consentimiento de las partes."
bienes del matrimonio,Todos los bienes comprados por los cónyuges durante el matrimonio. No importa en cuyo nombre esté en el título.
inclumplimiento sustancial,"Una violación (violación, incumplimiento) que es importante, sustancial, no trivial."
gravamen de constructor,"Una demanda legal colocada en bienes raíces por alguien que debe dinero por trabajo, servicios o suministros relacionados con la mejora de esa propiedad."
tercería,"Proceso de resolución alternativa de litigios en el que un tercero neutral, el mediador, asiste a dos o más partes para ayudarles a negociar un acuerdo."
mediación,"Proceso de resolución alternativa de litigios en el que un tercero neutral, el mediador, asiste a dos o más partes para ayudarles a negociar un acuerdo."
Medicare ,Un programa del gobierno federal que ayuda a ancianos y personas con ciertas discapacidades a pagar sus costos médicos.
resolución judicial breve,Breve decisión de todo el tribunal con la opinión limitada u omitida.
tratamiento de la salud mental,Condición especial que la corte impone para exigir que un individuo se someta a evaluación y tratamiento para un trastorno mental.
delito menor,Delito con pena de un año de prisión o menos.
juicio nulo,"Un juicio no válido, causado por un error fundamental. Cuando se declara un juicio nulo, el juicio debe comenzar de nuevo con la selección de un nuevo jurado."
modificación,"Un cambio en una orden o sentencia judicial existente, tal como un cambio en la cantidad de manutención a pagar."
modificar,cambiar
fallo monetario,Una decisión de una corte en la cual pone que usted debe dinero se llama un juicio monetario.
hipoteca,Usar un inmueble específico como garantía para el pago de una deuda. El deudor hipotecario es la persona que promete el inmueble como garantía. El acreedor hipotecario acepta la promesa.
morosidad hipotecaria,Cuando el deudor hipotecario de una hipoteca en su casa se demora en hacer pagos.
administrador hipotecario,Un negocio que un acreedor hipotecario paga para administrar sus hipotecas.
acreedor hipotecario,La persona o negocio que hace una hipoteca.
deudor hipotecario,La persona que se endeuda en una hipoteca.
hipotecante,La persona que se endeuda en una hipoteca.
moción,Una petición que una parte hace al juez para una decisión o una orden en un punto específico.
petición,Una petición que una parte hace al juez para una decisión o una orden en un punto específico.
petición para un juicio nuevo,La solicitud de una parte formulada después de una sentencia que el juez desestime esa sentencia y ordene un nuevo juicio debido a un error legal significativo o pruebas insuficientes.
petición para excluir ciertas pruebas en el juicio,"Una moción hecha antes de que comience un juicio, pidiendo a la corte que decida excluir ciertas pruebas que pueden perjudicar al jurado contra una u otra parte."
petición para la denegación del caso,"Una moción pidiendo al juez que rechace una parte o la totalidad de una demanda debido a retiro voluntario, solución extrajudicial o error procesal."
moción de quitar,Una petición solicitando que el juez elimine completamente o parcialmente un alegato o testimonio de otra parte.
moción de suprimir,Una petición solicitando que la corte rechace una prueba específica porque fue obtenida ilegalmente.
peticionante,La parte en una demanda u otro procedimiento legal que hace una moción.
documento de título,Prueba escrita del título de bienes raíces.
negligencia,Cuando alguien no toma el cuidado requerido por la ley para proteger los derechos y la propiedad de los demás.
sin disputa,"La declaración de un acusado que tiene el mismo efecto que una declaración de culpabilidad, pero protege al acusado de responsabilidad. También se llama nolo contendere."
sin impugnación,"La declaración de un acusado que tiene el mismo efecto que una declaración de culpabilidad, pero protege al acusado de responsabilidad. También se llama nolo contendere."
sin culpa,Un divorcio en el que ninguna de las partes debe probar culpabilidad dela otra parte.
daños y perjuicios nominales,"Una cantidad de dinero muy pequeña que se otorga cuando una corte decide a favor de una de las partes, pero concluye que no se cometió ningún daño significativo."
noncustodial parent (NCP) el padre quien no tiene custodia del niño,"El padre que no tiene el cuidado, custodia o control primario de un niño."
notario,Una persona autorizada por el estado para prestar juramentos.
aviso,Un anuncio o aviso por escrito.
notificación,Un anuncio o aviso por escrito.
aviso de pago atrasado o de incumplimiento de pago,Un aviso a un deudor hipotecario con un inmueble hipotecado que el deudor es delincuente en los pagos.
juramento,"Un juramento de decir la verdad, lo que sometería a la persona que  jura la responsabilidad por perjurio si la persona sabia que dijera una mentira."
objeción,Una protesta formal hecha por una parte sobre el testimonio o la evidencia que la otra parte intenta introducir.
obligación,Un deber legal de pagar o hacer algo.
responsabilidad,Un deber legal de pagar o hacer algo.
compromiso,Un deber legal de pagar o hacer algo.
acreedor,"La persona, agencia estatal o institución a quien se debe una deuda (generalmente dinero)."
deudor,La persona que debe pagar una deuda o realizar otra obligación.
vista o alegatos orales,Una oportunidad para los abogados de resumir su posición ante el tribunal y también para responder a las preguntas de los jueces.
contrato verbal,Un contrato que no es por escrito.
orden,Una decisión promulgada por una corte.
estatuto,"La legislación local de una ciudad, pueblo, pueblo o condado escrito por el ayuntamiento, consistorio (cuerpo legislativo local)."
ordenanza,"La legislación local de una ciudad, pueblo, pueblo o condado escrito por el ayuntamiento, consistorio (cuerpo legislativo local)."
padre o madre,El padre o madre natural de una persona.
familia,Una decisión legal sobre quiénes son los padres del niño.
plan de paternidad,Un acuerdo detallado de custodia y visitas que dice cuándo el niño estará con cada padre y cómo se toman las decisiones sobre el niño.
paternidad,Determinación legal de la paternidad.
demanda por paternidad,Una demanda para determinar quién es el padre de un niño cuyos padres no estaban casados cuando el niño nació.
por la decisión del juez,"Del latín, que significa ""para la corte"". En los tribunales, a menudo se refiere a una opinión sin firmar."
recusación sin causa,Una corte de distrito puede conceder a cada parte en un juicio civil o penal el derecho de excluir a un cierto número de posibles miembros de jurados sin causa o dar una razón.
perjurio,"El delito de mentir intencionalmente después de tomar un juramento de decir la verdad ante un notario público, secretario de la corte u otro funcionario."
juramento falso,"El delito de mentir intencionalmente después de tomar un juramento de decir la verdad ante un notario público, secretario de la corte u otro funcionario."
competencial territorial,"El poder de un tribunal sobre una persona, su cuerpo y sus derechos."
bienes muebles,"Bienes muebles o posesiones, a diferencia de bienes inmuebles."
representativo personal,"Por lo general, el ejecutor o administrador de una persona fallecida."
notificación personal,Entrega de documentos judiciales entregándolos en persona al individuo que se sirve.
petición,"En un caso civil, un documento judicial que pide a la corte que tome algún tipo de acción."
peticionario,Una persona o parte que inicia un caso presentando una petición en la corte. También llamado Demandante.
demandador,Una persona o parte que inicia un caso presentando una petición en la corte. También llamado Demandante.
solicitante,Una persona o parte que inicia un caso presentando una petición en la corte. También llamado Demandante.
delito menor,Un delito federal castigable con seis meses o menos en prisión.
damandante,Una persona o negocio que presenta una queja formal ante la corte.
alegato,Declaración escrita presentada ante la corte que describe las declaraciones legales y fácticas de una parte sobre el caso y lo que la parte quiere de la corte.
alegación,Declaración escrita presentada ante la corte que describe las declaraciones legales y fácticas de una parte sobre el caso y lo que la parte quiere de la corte.
poder,Un documento que le da a alguien autoridad para actuar en su nombre en asuntos que usted especifique. La persona que actúa en nombre de otra persona se llama el agente (también llamado el apoderado). La persona que ha dado la autoridad al agente se llama el principal.
precedente,Una decisión de un tribunal en un caso anterior con hechos y cuestiones legales similares a una disputa actualmente ante un tribunal.
servicios antes del inicio del juicio,Una función de las cortes federales que tiene lugar al inicio del proceso de justicia penal después de que una persona haya sido arrestada y acusada de un crimen federal y antes de que él o ella vaya a juicio.
prima facie,Se presume que es verdad a menos que sea refutada por evidencia contraria.
pro se,"Se refiere a personas que presentan sus propios casos ante las cortes sin abogados; del latín para ""en nombre propio""."
temporalmente,Temporario
proceso de sucesión testamentaria,Verificar un testamento ante los tribunales de sucesiones. En Texas también puede significar la administración general del patrimonio del difunto.
libertad condicional o a prueba,Opción para sentencias en las cortes federales.
agente de libertad vigilada,"Oficiales de la oficina de libertad condicional de una corte. Los deberes del oficial de libertad condicional incluyen llevar a cabo investigaciones antes de la sentencia, preparar reportes sobre los acusados convictos antes de la sentencia y supervisar a los acusados liberados."
entregador de la citación,"Cualquier persona mayor de 18 años que no esté directamente involucrada en el caso, quien entregará la citación y una copia de la demanda de los demandantes, y luego devolverá a la corte una declaración jurada de que ha completado el servicio (la entrega de la citación)."
procesar,Cargar a alguien con un crimen. Un fiscal litigará el caso criminal en nombre del gobierno.
llevar a juicio,Cargar a alguien con un crimen. Un fiscal litigará el caso criminal en nombre del gobierno.
orden de protección,"Orden no penal obtenida por la pareja, familiar o cónyuge abusado contra la pareja, familiar o cónyuge abusivo.  Un orden judicial no penal obtenida por la víctima de violencia familiar contra el autor de la violencia familiar."
orden de alejamiento,"Orden no penal obtenida por la pareja, familiar o cónyuge abusado contra la pareja, familiar o cónyuge abusivo.  Un orden judicial no penal obtenida por la víctima de violencia familiar contra el autor de la violencia familiar."
indemnicaciones punitivas por daños y perjuicios,Dinero concedido en un caso legal que  supera el costo verdadero de la lesión; su objetivo es castigar a la parte perdedora por mala conducta intencional o maliciosa.
padre putativo,Se dice que la persona es el padre de un niño pero aún no se le ha sido declarado en términos médicos o legalmente como el padre legal.
Qualified Domestic Relations Order (Orden Calificada de Relaciones Domésticas),"Una orden o sentencia decidida por una corte y aprobada por un plan de pensiones, que divide un plan de pensiones con el fin de hacer una división justa de la propiedad o pagar por el apoyo del niño o del cónyuge."
escritura de renuncia,Una escritura de propiedad real que traspasa solamente el interés en la propiedad que pertenece al cedente.
testamentos mutuos,"Testamentos hechos por dos personas (generalmente cónyuges, pero podrían ser ""socios"") en los que cada persona da su propiedad a la otra."
informe judicial/fragmento del informe judicial,"En la apelación, el expediente consta de una transcripción de todo o parte de los procedimientos en las cortes inferiores, incluyendo testimonios, alegatos, opiniones, etc."
devolver,Remitir de nuevo; La devolución de un caso por un tribunal de apelación a la corte de primera instancia para nuevos procedimientos.
cosa juzgada,La cosa ha sido decidida.
demandado,"La persona contra la cual se hace una apelación; La parte demandada en un caso de disolución, nulidad, adopción o sucesión."
interdictos,Una orden temporal de una corte para mantener las condiciones como son (como no sacar a un niño del condado donde vive o no vender bienes matrimoniales) hasta que poder tener una audiencia en la que ambas partes estén presentes. Se llama de manera más apropiada una orden de restricción temporal (acortada a TRO).
orden de restricción,Una orden temporal de una corte para mantener las condiciones como son (como no sacar a un niño del condado donde vive o no vender bienes matrimoniales) hasta que poder tener una audiencia en la que ambas partes estén presentes. Se llama de manera más apropiada una orden de restricción temporal (acortada a TRO).
medidas cautelares,Una orden temporal de una corte para mantener las condiciones como son (como no sacar a un niño del condado donde vive o no vender bienes matrimoniales) hasta que poder tener una audiencia en la que ambas partes estén presentes. Se llama de manera más apropiada una orden de restricción temporal (acortada a TRO).
deuda garantizada o privilegiada,"Deuda garantizada por una hipoteca, recurso de garantía, u otro gravamen; Deuda por la cual el acreedor tiene el derecho de accionar determinada propiedad pignorada en caso de incumplimiento. Los ejemplos incluyen las hipotecas caseras, los préstamos de autos y los gravámenes fiscales."
depósito de garantia,"Una cantidad de dinero dado al arrendador que se puede usar para cubrir el alquiler, los daños o la limpieza no pagados."
directrices para la imposición de penas,Unas reglas y principios establecidos por la Comisión de Condenas de los Estados Unidos que los jueces utilizan para determinar la condena de un acusado condenado.
bienes propios o personales; bienes adqueridos por separado,"Propiedad que uno de los cónyuges poseía antes del matrimonio. Cualquier herencia que un cónyuge obtiene, incluso durante el matrimonio, es propiedad separada. También los regalos personales (a menos que provengan del otro cónyuge) y los pagos por lesiones personales son propiedad separada o no de la comunidad."
aislar,Separar. A veces los jurados son secuestrados de influencias externas durante sus deliberaciones.
entregar la notificación,Entregar documentos legales a una persona involucrada en un caso legal.
notificación por edicto,Cuando la entrega de notificación se hace mediante la publicación de la notificación en un periódico o por la publicación en un tablón de anuncios de la corte u otra instalación pública después de que la corte determina que otros medios de servicio son poco prácticos o no han tenido éxito.
notificación de demanda,La entrega de documentos legales (notificación) a la parte opuesta. Los documentos deben ser entregados por un adulto mayor de 18 años que no esté involucrado en el caso y que jura la fecha y el método de entrega al destinatario.
pensión alimenticia o compensatoria,"Apoyo ordenado por la corte de un cónyuge o ex cónyuge; También llamado ""mantenimiento"" o ""pensión alimenticia""."
cónyuge,Esposo o Esposa
Social Security Disability (Seguridad Social para Discapacitados,Significa del Seguro Social para los con Discapacidad. Un programa de seguro federal diseñado para proporcionar ingresos a las personas que no pueden trabajar debido a una discapacidad.
Supplemental Security Income (Ingresos Suplementarios de Seguridad),"Significa Ingresos Suplementarios de Seguridad. Un programa federal diseñado para ayudar a las personas que tienen poco o ningún ingreso y son personas mayores, ciegas o discapacitadas. SSI proporciona efectivo para satisfacer las necesidades básicas de alimentos, ropa y refugio."
acoso,Hostigar de manera repetida y obsesiva a alguien de manera alarmante o aterradora.
estándar de prueba,El grado en que las pruebas deben ser convincentes para que la corte las considere como comprobante de la culpabilidad de un acusado.
obligatoriedad de la jurisprudencia,La doctrina de que las decisiones deben servir de precedentes para la dirección en casos futuros.
estatuto,Una ley aprobada por una legislatura.
prescripción,"Una ley que establece el plazo en el cual las partes deben presentar una demanda para hacer valer sus derechos. Si transcurre el plazo, el periodo de prescripción se ha terminado (o la reclamación está prohibido por el paso del tiempo) y la parte dañada no puede hacer la demanda."
sua sponte,"Del latín, que significa ""de su propia voluntad"". A menudo se refiere a una corte que toma una acción en un caso sin que se solicite a hacerlo por cualquiera de las partes."
subarriendo,Cuando usted permite a otra persona para hacerse cargo de su contrato de arrendamiento durante cierto período de tiempo después del cual usted acepte asumir la responsabilidad del contrato de arrendamiento de nuevo.
subordinación,El acto o proceso por el cual los derechos o reclamos de una persona están clasificados por debajo de los de otras personas.
citación ,"Un mandamiento, emitido bajo la autoridad de un tribunal, a un testigo para comparecer y dar testimonio."
citación para comparecer y exhibir documentos,Un mandamiento para que un testigo comparezca y produzca documentos.
subvención,"Dinero otorgado por una agencia gubernamental para mantener un precio bajo. En los programas de vivienda, a menudo se paga un subsidio a un arrendador para pagar parte del alquiler de un inquilino."
juicio sumario,Una decisión tomada sobre la base de declaraciones y pruebas presentadas oficialmente en los documentos sin un juicio.
libertad supervisada,Un periodo de supervisión que se sirve después de que una persona se libera de la prisión.
visitas supervisadas,"Visitas entre un padre y un niño en presencia de otro adulto especificado. Generalmente se ordena por un tribunal cuando había violencia doméstica, abuso infantil o una amenaza de sacar al niño fuera del estado."
interdictos temporales,"Al igual que un mandamiento preliminar, es una orden a corto plazo de un juez que prohíbe ciertas acciones hasta que se pueda llevar a cabo una audiencia completa. A menudo se refiere como una TRO."
orden de restricción temporal,"Al igual que un mandamiento preliminar, es una orden a corto plazo de un juez que prohíbe ciertas acciones hasta que se pueda llevar a cabo una audiencia completa. A menudo se refiere como una TRO."
medidas cautelares temporales,"Al igual que un mandamiento preliminar, es una orden a corto plazo de un juez que prohíbe ciertas acciones hasta que se pueda llevar a cabo una audiencia completa. A menudo se refiere como una TRO."
tenencia,"El derecho exclusivo del inquilino, creado por un contrato de alquiler entre el propietario y el inquilino, de usar y poseer la unidad de alquiler del arrendador."
arrendamiento sin plazo fijo,Derecho a ocupar un inmueble por un tiempo indefinido. El derecho se otorga por el dueño de la propiedad o el propietario. Terminar un arrendamiento sin plazo fijo requiere el mismo procedimiento legal que terminar un contrato de mes a mes.
inquilino,Una persona que tiene el derecho legal de vivir o usar una propiedad.
testador,Una persona que ha escrito un testamento.
testimonio,Evidencia presentada oralmente por testigos durante los juicios o ante los grandes jurados.
demanda or reclamación de un tercero,Una demanda presentada por un demandado que considera que algún tercero (que todavía no está involucrado en el caso) es responsable y le debe dinero a usar para satisfacer cualquier juicio que el demandante pueda ganar del demandado.
agravio,"Un mal que es civil, no criminal. Una lesión negligente o intencional contra una persona o propiedad, con excepción del incumplimiento de contrato."
entrar sin derecho,"Una entrada injusta, ya sea con fuerza o pacíficamente, sobre la propiedad de otra."
abogado de las cortes de los Estados Unidos,Un abogado nombrado por el Presidente en cada distrito judicial para procesar y defender casos para el gobierno federal.
síndico de la corte de bancarrota de los Estados Unidos,"Un funcionario del Departamento de Justicia de los Estados Unidos encargado de supervisar la administración de casos de bancarrota, herencias y síndicos."
divorcio no disputado,"Cuando el demandado no se opone al divorcio y no hay problemas para que la corte decidir sobre los niños, el dinero o la propiedad."
no contencioso,"Cuando el demandado no se opone al divorcio y no hay problemas para que la corte decidir sobre los niños, el dinero o la propiedad."
influencia indebida,"La cantidad de presión que alguien utiliza para forzar a otro a firmar un testamento que deja la herencia de una manera particular, para hacer un regalo directo mientras está vivo o para firmar un contrato."
acción por retención ilícita de inmueble,Una demanda presentada por un arrendador contra un arrendatario para desalojarle de una propiedad en alquiler normalmente por falta del pago de la renta.
demanda o reclamación no establecida o determinada,Una reclamación para la cual no se ha determinado un valor específico.
usura,"Una tasa de interés sobre una deuda que exceda el porcentaje permitido por la ley. También llamado ""préstamos-depredadores."""
anular,Cuando un juez revoca o anule una orden que considere inadecuada.
revocar,Cuando un juez revoca o anule una orden que considere inadecuada.
la sede del juicio determinada por el domicilio de las partes o el lugar donde ocurrieron los hechos,La corte en particular en la que se puede interponer una demanda.
veredicto,"La decisión de un jurado después de un juicio, que debe ser aceptada por el juez de primera instancia para ser definitiva. Una sentencia de un juez sin un jurado no se llama veredicto."
sentencia,"La decisión de un jurado después de un juicio, que debe ser aceptada por el juez de primera instancia para ser definitiva. Una sentencia de un juez sin un jurado no se llama veredicto."
fallo,"La decisión de un jurado después de un juicio, que debe ser aceptada por el juez de primera instancia para ser definitiva. Una sentencia de un juez sin un jurado no se llama veredicto."
visitas,Un plan que dice cuando los padres pasan tiempo con sus hijos.
derechos de visita,Un plan que dice cuando los padres pasarán tiempo con sus hijos.
voir dire,Proceso de selección del jurado por hacer preguntas a los posibles miembros del jurado para determinar sus calificaciones y determinar cualquier base para la impugnación.
embargo de sueldo o salario,Un procedimiento legal que requiere que el empleador de un deudor por juicio retenga una porción del salario del deudor por juicio para satisfacer una sentencia.
retención de sueldo o salario,"Un procedimiento legal que permite que se hagan deducciones de salarios o ingresos en un horario regular. Las deducciones se utilizan para pagar una deuda, como la manutención de los hijos."
renuncia o exención,"Renunciar a un derecho legal de manera voluntaria, intencional y con pleno conocimiento de las consecuencias."
denegación sin prejuicio,Término utilizado cuando los derechos o privilegios no se renuncian ni se pierden. Una desestimación de una demanda sin prejuicio significa que una nueva demanda puede ser traída sobre la misma causa si se presenta dentro de la prescripción.
testigo,Una persona llamada por cualquiera de las partes en una demanda para dar testimonio ante el juez o jurado.
remuneración del obrero,Una persona llamada por cualquiera de las partes en una demanda para dar testimonio ante el juez o jurado.
 orden o auto,"Una orden judicial escrito ordenando a una persona que tome, o se abstenga de tomar, un determinado acto."
orden judicial de secuestro,Una orden de la corte ordenando a un alguacil (u otro oficial de la ley) que confisque bienes de un demandado para satisfacer una sentencia.
auto de avocación,Una orden emitida por el Tribunal Supremo de los Estados Unidos que ordena al tribunal inferior que transmita los expedientes de un caso que escuchará en apelación.
orden de ejecución,"Una orden emitida por una corte que requiere el desempeño de un acto determinado, o dando autoridad para hacerlo. Se utiliza para otorgar el oficial de recaudación el poder de quitar la propiedad del deudor por juicio."
orden de posesión,"Una orden de la corte dirigida al alguacil, que le obligue a entrar en la propiedad y dar la posesión de ella a la persona que tiene derecho por sentencia de la corte."
homidicio culposo,Una muerte causada por el acto intencional o accidental de otro para la cual un miembro de la familia puede pedir compensación.
despido injusto,Una demanda legal de que un empleado ha sido despedido ilegalmente.